Tarih;Saat;Konu;URL
15.10.2025;13:25;Amerikan Borsaları Bülteni   (ALB Yatırım);https://www.matriksdata.com/website/matriks-haberler/yorum/5985632-amerikan-borsalari-bulteni-alb-yatirim
15.10.2025;13:23;Hindistan Ticaret Bakanlığı: ABD'den enerji ithalatını arttırmak için alan mevcut;https://www.matriksdata.com/website/matriks-haberler/enerji/5985630-hindistan-ticaret-bakanligi-abd-den-enerji-ithalatini-arttirmak-icin-alan-mevcut
15.10.2025;13:21;Hindistan'ın petrol ithalatı Eylül'de 14 milyar dolar - Ticaret Bakanı;https://www.matriksdata.com/website/matriks-haberler/enerji/5985629-hindistan-in-petrol-ithalati-eylul-de-14-milyar-dolar-ticaret-bakani
15.10.2025;13:21;KAP: GPY GKOF  [ ] GARANTİ PORTFÖY KAR PAYI ÖDEYEN OCAK 2026 SERBEST (DÖVİZ) FON  Genel Açıklama;https://www.matriksdata.com/website/matriks-haberler/sirket/5985628-kap-gpy-gkof-garanti-portfoy-kar-payi-odeyen-ocak-2026-serbest-doviz-fon-genel-aciklama
15.10.2025;13:20;TMSF, Bank Pozitif'in %97 hissesini satışa çıkardi;https://www.matriksdata.com/website/matriks-haberler/ekonomi/5985626-tmsf-bank-pozitif-in-97-hissesini-satisa-cikardi
15.10.2025;13:19;Hindistan'da altın ithalatı Eylül'de 9.6 milyar dolar -Ticaret Bakanlığı;https://www.matriksdata.com/website/matriks-haberler/metal/5985623-hindistan-da-altin-ithalati-eylul-de-9-6-milyar-dolar-ticaret-bakanligi
15.10.2025;13:17;KAP: ISP TNDF  [ ] İŞ PORTFÖY TTF TENİSE DESTEK DEĞİŞKEN FON  Yatırımcı Bilgi Formu;https://www.matriksdata.com/website/matriks-haberler/sirket/5985617-kap-isp-tndf-is-portfoy-ttf-tenise-destek-degisken-fon-yatirimci-bilgi-formu
15.10.2025;13:16;KAP: ISP TBPF  [ ] İŞ PORTFÖY PRİVİA BANKACILIK FON SEPETİ ÖZEL FONU  Yatırımcı Bilgi Formu;https://www.matriksdata.com/website/matriks-haberler/sirket/5985616-kap-isp-tbpf-is-portfoy-privia-bankacilik-fon-sepeti-ozel-fonu-yatirimci-bilgi-formu
15.10.2025;13:16;KAP: ZRY  [ZGOLD ] ZİRAAT YATIRIM MENKUL DEĞERLER A.Ş.  Piyasa Yapıcılığı Kapsamında Gerçekleştirilen İşlemler;https://www.matriksdata.com/website/matriks-haberler/sirket/5985615-kap-zry-zgold-ziraat-yatirim-menkul-degerler-a-s-piyasa-yapiciligi-kapsaminda-gerceklestirilen-islemler
15.10.2025;13:12;KAP: ALA ATPAYF  [ ] ATLAS PORTFÖY YÖNETİMİ A.Ş. AVRUPA YATIRIM GİRİŞİM SERMAYESİ YATIRIM FONU  Genel Açıklama;https://www.matriksdata.com/website/matriks-haberler/sirket/5985609-kap-ala-atpayf-atlas-portfoy-yonetimi-a-s-avrupa-yatirim-girisim-sermayesi-yatirim-fonu-genel-aciklama
15.10.2025;13:11;Japon muhalif İnovasyon Partisi lideri Yoshimura: LDP lideri Takaichi'nin teklifine Pazartesi'ye kadar cevap vereceğiz;https://www.matriksdata.com/website/matriks-haberler/siyasi/5985607-japon-muhalif-inovasyon-partisi-lideri-yoshimura-ldp-lideri-takaichi-nin-teklifine-pazartesi-ye-kadar-cevap-verecegiz
15.10.2025;13:11;Beige Book faiz indirimi sinyali verirse dolardaki zayıflır sürebilir - ING analiisti;https://www.matriksdata.com/website/matriks-haberler/fx/5985606-beige-book-faiz-indirimi-sinyali-verirse-dolardaki-zayiflir-surebilir-ing-analiisti
15.10.2025;13:09;Hindistan Ticaret Bakanı: Hindistan'ın ABD'ye ihracatının %45'i gümrük vergilerinin dışında kaldı;https://www.matriksdata.com/website/matriks-haberler/dis-ekonomi/5985603-hindistan-ticaret-bakani-hindistan-in-abd-ye-ihracatinin-45-i-gumruk-vergilerinin-disinda-kaldi
15.10.2025;13:09;Japon muhalif İnovasyon Partisi lideri Yoshimura: Politika görüşmelerinde anlaşırsak LDP lideri Takaichi'nin başbakanlığı lehinde oy kullanacağız;https://www.matriksdata.com/website/matriks-haberler/siyasi/5985602-japon-muhalif-inovasyon-partisi-lideri-yoshimura-politika-gorusmelerinde-anlasirsak-ldp-lideri-takaichi-nin-basbakanligi-lehinde-oy-kullanacagiz
15.10.2025;13:07;Hindistan Ticaret Bakanı: Hindistan ihracatını çeşitlendirmek için 40 ülkeye odaklanıyor;https://www.matriksdata.com/website/matriks-haberler/dis-ekonomi/5985600-hindistan-ticaret-bakani-hindistan-ihracatini-cesitlendirmek-icin-40-ulkeye-odaklaniyor
15.10.2025;13:07;Hindistan Ticaret Bakanı: Hindistan ticaret müzakere ekibi Washington'da ABD'li yetkililerle görüşüyor;https://www.matriksdata.com/website/matriks-haberler/dis-ekonomi/5985599-hindistan-ticaret-bakani-hindistan-ticaret-muzakere-ekibi-washington-da-abd-li-yetkililerle-gorusuyor
15.10.2025;13:06;Çin Ticaret Bakanı: Çin ve AB, partner olmalı, karşılıklı güveni sağlamalı;https://www.matriksdata.com/website/matriks-haberler/genel/5985596-cin-ticaret-bakani-cin-ve-ab-partner-olmali-karsilikli-guveni-saglamali
15.10.2025;13:05;Çin Dışişleri Bakanı Wang Yi, İspanyol meslekdaşı ile biraraya geldi -Bakanlık;https://www.matriksdata.com/website/matriks-haberler/genel/5985593-cin-disisleri-bakani-wang-yi-ispanyol-meslekdasi-ile-biraraya-geldi-bakanlik
15.10.2025;13:03;Japon LDP Lideri Takaichi: İnovasyon Partisi'yle Perşembe'den itibaren politikalar konusunda görüşmeler yapacağım;https://www.matriksdata.com/website/matriks-haberler/siyasi/5985591-japon-ldp-lideri-takaichi-inovasyon-partisi-yle-persembe-den-itibaren-politikalar-konusunda-gorusmeler-yapacagim
15.10.2025;13:03;Japon LDP Lideri Takaichi: İnovasyon Partisi liderlerinden başbakanlık oylamasında ve koalisyonda destek istedim;https://www.matriksdata.com/website/matriks-haberler/siyasi/5985589-japon-ldp-lideri-takaichi-inovasyon-partisi-liderlerinden-basbakanlik-oylamasinda-ve-koalisyonda-destek-istedim
15.10.2025;13:02;KAP: ZRA  [ ] ARZ GAYRİMENKUL VE GİRİŞİM SERMAYESİ PORTFÖY YÖNETİMİ A.Ş.  Şirket Genel Bilgi Formu;https://www.matriksdata.com/website/matriks-haberler/sirket/5985587-kap-zra-arz-gayrimenkul-ve-girisim-sermayesi-portfoy-yonetimi-a-s-sirket-genel-bilgi-formu
15.10.2025;13:00;"Cevher Jant/Özyavuz: ""Aktif Büyüklüğümüz Son 3 Yılda %276 Artışla 7,2 Milyar TL'yi Aştı";https://www.matriksdata.com/website/matriks-haberler/sirket/5985583-cevher-jant-ozyavuz-aktif-buyuklugumuz-son-3-yilda-276-artisla-7-2-milyar-tl-yi-asti
15.10.2025;12:59;Kremlin: Putin'in eylemlerine ilişkin Trump'ın görüşleri hakkında yorum yapmak istemiyoruz;https://www.matriksdata.com/website/matriks-haberler/siyasi/5985582-kremlin-putin-in-eylemlerine-iliskin-trump-in-gorusleri-hakkinda-yorum-yapmak-istemiyoruz
15.10.2025;12:59;Kremlin: Rus ekonomisi Rus liderliğinin planlarını gerçekleştirmesi için yeterince güçlü;https://www.matriksdata.com/website/matriks-haberler/dis-ekonomi/5985581-kremlin-rus-ekonomisi-rus-liderliginin-planlarini-gerceklestirmesi-icin-yeterince-guclu
15.10.2025;12:58;Kremlin: Rus ekonomisinin dikkate değer ve yeterli güç rezervi var;https://www.matriksdata.com/website/matriks-haberler/dis-ekonomi/5985580-kremlin-rus-ekonomisinin-dikkate-deger-ve-yeterli-guc-rezervi-var
15.10.2025;12:57;Kremlin: Putin ve Şara bugün ilerleyen saatlerde Suriye'deki Rus askeri üslerinin varlığını görüşecek;https://www.matriksdata.com/website/matriks-haberler/siyasi/5985578-kremlin-putin-ve-sara-bugun-ilerleyen-saatlerde-suriye-deki-rus-askeri-uslerinin-varligini-gorusecek
15.10.2025;12:57;Kremlin (Trump'ın BRICS'in dolara bir saldırı olduğunu söylemesinin ardından): BRICS hiçbir zaman üçüncü ülkelere veya başka para birimlerine karşı herhangi bir şey planlamadı;https://www.matriksdata.com/website/matriks-haberler/fx/5985576-kremlin-trump-in-brics-in-dolara-bir-saldiri-oldugunu-soylemesinin-ardindan-brics-hicbir-zaman-ucuncu-ulkelere-veya-baska-para-birimlerine-karsi-herhangi-bir-sey-planlamadi
15.10.2025;12:56;KAP:   [AVOD ] BORSA İSTANBUL BISTECH DEVRE KESİCİ UYGULAMASI  Devre Kesici Uygulaması;https://www.matriksdata.com/website/matriks-haberler/sirket/5985574-kap-avod-borsa-istanbul-bistech-devre-kesici-uygulamasi-devre-kesici-uygulamasi
15.10.2025;12:54;Göltaş Çimento'nun B Grubu Maden (Marn) Ocağı Projesi ile İlgili ÇED Gerekli Değildir' Kararı Verildi;https://www.matriksdata.com/website/matriks-haberler/enerji/5985572-goltas-cimento-nun-b-grubu-maden-marn-ocagi-projesi-ile-ilgili-ced-gerekli-degildir-karari-verildi
15.10.2025;12:45;VİOP Gün Ortası Bülteni  (Gedik Yatırım);https://www.matriksdata.com/website/matriks-haberler/yorum/5985560-viop-gun-ortasi-bulteni-gedik-yatirim
15.10.2025;12:45;VİOP gün ortası (Gedik Yatırım);https://www.matriksdata.com/website/matriks-haberler/yorum/5985559-viop-gun-ortasi-gedik-yatirim
15.10.2025;12:41;FX teknik analiz (İş Yatırım);https://www.matriksdata.com/website/matriks-haberler/fx/5985550-fx-teknik-analiz-is-yatirim
15.10.2025;12:35;KAP: EBEBK  [ ] EBEBEK MAĞAZACILIK A.Ş.  Finansal Takvim;https://www.matriksdata.com/website/matriks-haberler/sirket/5985542-kap-ebebk-ebebek-magazacilik-a-s-finansal-takvim
15.10.2025;12:32;Hindistan'da mal ticaret dengesi Eylül'de -32.15 milyar dolar;https://www.matriksdata.com/website/matriks-haberler/dis-ekonomi/5985539-hindistan-da-mal-ticaret-dengesi-eylul-de-32-15-milyar-dolar
15.10.2025;12:30;Hindistan'ın mal ithalatı Eylül'e 68.53 milyar dolar - Ticaret Bakanlığı;https://www.matriksdata.com/website/matriks-haberler/dis-ekonomi/5985531-hindistan-in-mal-ithalati-eylul-e-68-53-milyar-dolar-ticaret-bakanligi
15.10.2025;12:29;Hindistan'ın mal ihracatı Eylül'e 36.38 milyar dolar - Ticaret Bakanlığı;https://www.matriksdata.com/website/matriks-haberler/dis-ekonomi/5985529-hindistan-in-mal-ihracati-eylul-e-36-38-milyar-dolar-ticaret-bakanligi
15.10.2025;12:24;4. Çeyrekte Piyasa Görünümü (Midas Yatırım);https://www.matriksdata.com/website/matriks-haberler/yorum/5985522-4-ceyrekte-piyasa-gorunumu-midas-yatirim
15.10.2025;12:23;KAP: IEP PBKF  [ ] QİNVEST PORTFÖY BİRİNCİ KATILIM SERBEST (DÖVİZ) FON  İzahname (Değişiklik);https://www.matriksdata.com/website/matriks-haberler/sirket/5985519-kap-iep-pbkf-qinvest-portfoy-birinci-katilim-serbest-doviz-fon-izahname-degisiklik
15.10.2025;12:23;KAP: IEP IZFF  [ ] QİNVEST PORTFÖY İKİNCİ KATILIM SERBEST FON  İzahname (Değişiklik);https://www.matriksdata.com/website/matriks-haberler/sirket/5985518-kap-iep-izff-qinvest-portfoy-ikinci-katilim-serbest-fon-izahname-degisiklik
15.10.2025;12:22;KAP: IEP PBKF  [ ] QİNVEST PORTFÖY BİRİNCİ KATILIM SERBEST (DÖVİZ) FON  Genel Açıklama;https://www.matriksdata.com/website/matriks-haberler/sirket/5985517-kap-iep-pbkf-qinvest-portfoy-birinci-katilim-serbest-doviz-fon-genel-aciklama
15.10.2025;12:22;KAP: IEP IZFF  [ ] QİNVEST PORTFÖY İKİNCİ KATILIM SERBEST FON  Genel Açıklama;https://www.matriksdata.com/website/matriks-haberler/sirket/5985516-kap-iep-izff-qinvest-portfoy-ikinci-katilim-serbest-fon-genel-aciklama
15.10.2025;12:18;KAP: ISYAT  [ ] İŞ YATIRIM ORTAKLIĞI A.Ş.  Özel Durum Açıklaması (Genel);https://www.matriksdata.com/website/matriks-haberler/sirket/5985513-kap-isyat-is-yatirim-ortakligi-a-s-ozel-durum-aciklamasi-genel
15.10.2025;12:18;KAP: VKFYO  [ ] VAKIF MENKUL KIYMET YATIRIM ORTAKLIĞI A.Ş.  Özel Durum Açıklaması (Genel);https://www.matriksdata.com/website/matriks-haberler/sirket/5985511-kap-vkfyo-vakif-menkul-kiymet-yatirim-ortakligi-a-s-ozel-durum-aciklamasi-genel
15.10.2025;12:10;KAP: TFNVK  [ ] TF VARLIK KİRALAMA A.Ş.  Pay Dışında Sermaye Piyasası Aracı İşlemlerine İlişkin Bildirim (Faizsiz);https://www.matriksdata.com/website/matriks-haberler/sirket/5985494-kap-tfnvk-tf-varlik-kiralama-a-s-pay-disinda-sermaye-piyasasi-araci-islemlerine-iliskin-bildirim-faizsiz
15.10.2025;12:08;KAP: GPO BJDF  [ ] AZİMUT PORTFÖY 13.0 SERBEST (DÖVİZ) FON  İzahname (Değişiklik);https://www.matriksdata.com/website/matriks-haberler/sirket/5985493-kap-gpo-bjdf-azimut-portfoy-13-0-serbest-doviz-fon-izahname-degisiklik
15.10.2025;12:07;Fenerbahçe Başkanı Saran: (Bankalar Birliği süreci) Birkaç banka ayak sürüyor - CNBC-e;https://www.matriksdata.com/website/matriks-haberler/sirket/5985491-fenerbahce-baskani-saran-bankalar-birligi-sureci-birkac-banka-ayak-suruyor-cnbc-e
15.10.2025;12:06;Çin'de hanehalkının yeni yuan cinsi mevduatı Ocak-Eylül döneminde 12.73 trilyon yuan;https://www.matriksdata.com/website/matriks-haberler/dis-ekonomi/5985489-cin-de-hanehalkinin-yeni-yuan-cinsi-mevduati-ocak-eylul-doneminde-12-73-trilyon-yuan
15.10.2025;12:05;Çin'de M1 para arzı Eylül'de yıllık %7.2 arttı;https://www.matriksdata.com/website/matriks-haberler/dis-ekonomi/5985486-cin-de-m1-para-arzi-eylul-de-yillik-7-2-artti
15.10.2025;12:04;Çin'de döviz mevduatları Eylül'de 1.02 trilyon yuan (Ağustos sonu:1.02 trilyon);https://www.matriksdata.com/website/matriks-haberler/enerji/5985483-cin-de-doviz-mevduatlari-eylul-de-1-02-trilyon-yuan-agustos-sonu-1-02-trilyon
15.10.2025;12:04;Çin'de yuan cinsi krediler Eylül sonunda yıllık %+6.6 (Beklenti: %+6.7);https://www.matriksdata.com/website/matriks-haberler/dis-ekonomi/5985482-cin-de-yuan-cinsi-krediler-eylul-sonunda-yillik-6-6-beklenti-6-7
15.10.2025;12:04;Çin'de yeni yuan cinsi krediler Eylül'de 1.29 trilyon dolar (Beklenti: 1.47 trilyon dolar);https://www.matriksdata.com/website/matriks-haberler/dis-ekonomi/5985480-cin-de-yeni-yuan-cinsi-krediler-eylul-de-1-29-trilyon-dolar-beklenti-1-47-trilyon-dolar
15.10.2025;12:03;Saat başı belirlenen TCMB döviz kurları ve altın fiyatları - 15 Ekim;https://www.matriksdata.com/website/matriks-haberler/fx/5985479-saat-basi-belirlenen-tcmb-doviz-kurlari-ve-altin-fiyatlari-15-ekim
15.10.2025;12:03;Çin'de M2 para arzı Eylül'de yıllık %8.4 arttı (Beklenti:%+8.5);https://www.matriksdata.com/website/matriks-haberler/dis-ekonomi/5985477-cin-de-m2-para-arzi-eylul-de-yillik-8-4-artti-beklenti-8-5
15.10.2025;12:02;Çin Merkez Bankası: Tüketici sektöründeki işletmelere yönelik kredi desteğini artırılacak;https://www.matriksdata.com/website/matriks-haberler/dis-ekonomi/5985475-cin-merkez-bankasi-tuketici-sektorundeki-isletmelere-yonelik-kredi-destegini-artirilacak
15.10.2025;12:00;Çin Merkez Bankası:  Mali kurumların ürünleri ve hizmetleri tüketim için mali destek sağlayacak şekilde yenilemesine rehberlik yapacağız;https://www.matriksdata.com/website/matriks-haberler/dis-ekonomi/5985473-cin-merkez-bankasi-mali-kurumlarin-urunleri-ve-hizmetleri-tuketim-icin-mali-destek-saglayacak-sekilde-yenilemesine-rehberlik-yapacagiz
15.10.2025;12:00;Euro Bölgesinde sanayi üretimi Ağustos'ta yıllık %+1.1  (Beklenti:%-0.2 Önceki:%+1.8);https://www.matriksdata.com/website/matriks-haberler/dis-ekonomi/5985472-euro-bolgesinde-sanayi-uretimi-agustos-ta-yillik-1-1-beklenti-0-2-onceki-1-8
15.10.2025;12:00;KAP: SAHAR  [INVEO ] SAHA KURUMSAL YÖNETİM VE KREDİ DERECELENDİRME HİZMETLERİ A.Ş.  Kredi Derecelendirmesi;https://www.matriksdata.com/website/matriks-haberler/sirket/5985471-kap-sahar-inveo-saha-kurumsal-yonetim-ve-kredi-derecelendirme-hizmetleri-a-s-kredi-derecelendirmesi
15.10.2025;12:00;Euro Bölgesinde sanayi üretimi Ağustos'ta aylık %-1.2  (Beklenti:%-1.6 Önceki:%+0.3);https://www.matriksdata.com/website/matriks-haberler/dis-ekonomi/5985470-euro-bolgesinde-sanayi-uretimi-agustos-ta-aylik-1-2-beklenti-1-6-onceki-0-3
15.10.2025;12:00;KAP: DOFRB  [ ] DOF ROBOTİK SANAYİ A.Ş.  Şirket Genel Bilgi Formu;https://www.matriksdata.com/website/matriks-haberler/sirket/5985469-kap-dofrb-dof-robotik-sanayi-a-s-sirket-genel-bilgi-formu
15.10.2025;12:00;24.10.2025 vadeli repo ihalesine gelen tekliflerin toplamı 247.35 milyar TL;https://www.matriksdata.com/website/matriks-haberler/tahvil-bono/5985468-24-10-2025-vadeli-repo-ihalesine-gelen-tekliflerin-toplami-247-35-milyar-tl
15.10.2025;11:59;Çin Merkez Bankası: Tüketimin artırılması için mali destek artırılacak;https://www.matriksdata.com/website/matriks-haberler/dis-ekonomi/5985467-cin-merkez-bankasi-tuketimin-artirilmasi-icin-mali-destek-artirilacak
15.10.2025;11:59;KAP: SKP  [ ] TERA PORTFÖY YÖNETİMİ A.Ş.  Genel Açıklama;https://www.matriksdata.com/website/matriks-haberler/sirket/5985465-kap-skp-tera-portfoy-yonetimi-a-s-genel-aciklama
15.10.2025;11:56;KAP: NRBNK NYB  [ ] NUROL YATIRIM BANKASI A.Ş.  Pay Dışında Sermaye Piyasası Aracı İşlemlerine İlişkin Bildirim (Faiz İçeren);https://www.matriksdata.com/website/matriks-haberler/sirket/5985461-kap-nrbnk-nyb-nurol-yatirim-bankasi-a-s-pay-disinda-sermaye-piyasasi-araci-islemlerine-iliskin-bildirim-faiz-iceren
15.10.2025;11:49;KAP: MRMAG  [ ] MARKA MAĞAZACILIK A.Ş.  İhraç Belgesi;https://www.matriksdata.com/website/matriks-haberler/sirket/5985453-kap-mrmag-marka-magazacilik-a-s-ihrac-belgesi
15.10.2025;11:49;KAP: PSP PKDF  [ ] PUSULA PORTFÖY İKİNCİ DENGE KATILIM SERBEST FON  Genel Açıklama;https://www.matriksdata.com/website/matriks-haberler/sirket/5985452-kap-psp-pkdf-pusula-portfoy-ikinci-denge-katilim-serbest-fon-genel-aciklama
15.10.2025;11:48;KAP: VVP NPJETF  [ ] NEO PORTFÖY YÖNETİMİ A.Ş. EMLAK JET GAYRİMENKUL YATIRIM FONU  Genel Açıklama;https://www.matriksdata.com/website/matriks-haberler/sirket/5985451-kap-vvp-npjetf-neo-portfoy-yonetimi-a-s-emlak-jet-gayrimenkul-yatirim-fonu-genel-aciklama
15.10.2025;11:48;Spot piyasada gümüşün onsu yaklaşık %3 artışla 52.95 dolara çıktı;https://www.matriksdata.com/website/matriks-haberler/metal/5985450-spot-piyasada-gumusun-onsu-yaklasik-3-artisla-52-95-dolara-cikti
15.10.2025;11:48;Ambalaj sektörü dev buluşmaya hazırlanıyor, 130 ülkeden 80 bin kişi İstanbul'da buluşacak - ASD;https://www.matriksdata.com/website/matriks-haberler/ekonomi/5985449-ambalaj-sektoru-dev-bulusmaya-hazirlaniyor-130-ulkeden-80-bin-kisi-istanbul-da-bulusacak-asd
15.10.2025;11:37;FIAT'ın yeni Grande Panda modeli, Türkiye’de satışa sunuldu;https://www.matriksdata.com/website/matriks-haberler/sirket/5985436-fiat-in-yeni-grande-panda-modeli-turkiye-de-satisa-sunuldu
15.10.2025;11:36;HDI Sigorta, geleneksel Acenteler Toplantısı’nı “Vizyon: Gelecek” temasıyla düzenledi;https://www.matriksdata.com/website/matriks-haberler/sirket/5985434-hdi-sigorta-geleneksel-acenteler-toplantisi-ni-vizyon-gelecek-temasiyla-duzenledi
15.10.2025;11:21;Forex Bülteni (QNB Invest);https://www.matriksdata.com/website/matriks-haberler/yorum/5985410-forex-bulteni-qnb-invest
15.10.2025;11:21;KAP: GPO BJDF  [ ] AZİMUT PORTFÖY 13.0 SERBEST (DÖVİZ) FON  Yatırımcı Bilgi Formu;https://www.matriksdata.com/website/matriks-haberler/sirket/5985409-kap-gpo-bjdf-azimut-portfoy-13-0-serbest-doviz-fon-yatirimci-bilgi-formu
15.10.2025;11:21;KAP: GPO BJDF  [ ] AZİMUT PORTFÖY 13.0 SERBEST (DÖVİZ) FON  İzahname;https://www.matriksdata.com/website/matriks-haberler/sirket/5985408-kap-gpo-bjdf-azimut-portfoy-13-0-serbest-doviz-fon-izahname
15.10.2025;11:20;KAP:   [IZINV ] BORSA İSTANBUL BISTECH DEVRE KESİCİ UYGULAMASI  Devre Kesici Uygulaması;https://www.matriksdata.com/website/matriks-haberler/sirket/5985405-kap-izinv-borsa-istanbul-bistech-devre-kesici-uygulamasi-devre-kesici-uygulamasi
15.10.2025;11:20;Japonya muhalefet partisi DPFP Lideri Tamaki: LDP lideri Takaichi ile konuşmamızdan bizimle bir koalisyon kurmayı önerdiğini anladım;https://www.matriksdata.com/website/matriks-haberler/siyasi/5985403-japonya-muhalefet-partisi-dpfp-lideri-tamaki-ldp-lideri-takaichi-ile-konusmamizdan-bizimle-bir-koalisyon-kurmayi-onerdigini-anladim
15.10.2025;11:19;Japonya muhalefet partisi DPFP Lideri Tamaki: Temel politikalarda, biizimle LDP arasında birçok örtüşme var;https://www.matriksdata.com/website/matriks-haberler/siyasi/5985402-japonya-muhalefet-partisi-dpfp-lideri-tamaki-temel-politikalarda-biizimle-ldp-arasinda-bircok-ortusme-var
15.10.2025;11:18;KAP: AKM AKMEN  [ ] AK YATIRIM MENKUL DEĞERLER A.Ş.  Pay Dışında Sermaye Piyasası Aracı İşlemlerine İlişkin Bildirim (Faiz İçeren);https://www.matriksdata.com/website/matriks-haberler/sirket/5985399-kap-akm-akmen-ak-yatirim-menkul-degerler-a-s-pay-disinda-sermaye-piyasasi-araci-islemlerine-iliskin-bildirim-faiz-iceren
15.10.2025;11:18;KAP: AKM AKMEN  [ ] AK YATIRIM MENKUL DEĞERLER A.Ş.  Pay Dışında Sermaye Piyasası Aracı İşlemlerine İlişkin Bildirim (Faiz İçeren);https://www.matriksdata.com/website/matriks-haberler/sirket/5985395-kap-akm-akmen-ak-yatirim-menkul-degerler-a-s-pay-disinda-sermaye-piyasasi-araci-islemlerine-iliskin-bildirim-faiz-iceren
15.10.2025;11:17;KAP: AKM AKMEN  [APLIB ] AK YATIRIM MENKUL DEĞERLER A.Ş.  Piyasa Yapıcılığı Kapsamında Gerçekleştirilen İşlemler;https://www.matriksdata.com/website/matriks-haberler/sirket/5985394-kap-akm-akmen-aplib-ak-yatirim-menkul-degerler-a-s-piyasa-yapiciligi-kapsaminda-gerceklestirilen-islemler
15.10.2025;11:16;Forex Bülteni (Trive Yatırım Menkul Değerler );https://www.matriksdata.com/website/matriks-haberler/yorum/5985390-forex-bulteni-trive-yatirim-menkul-degerler
15.10.2025;11:14;Japonya muhalefet partisi DPFP Lideri Tamaki: Bir başka partiye her şey yoluna girebilirse Pazartesi günü liderler toplantısı yapmayı önerdim;https://www.matriksdata.com/website/matriks-haberler/siyasi/5985385-japonya-muhalefet-partisi-dpfp-lideri-tamaki-bir-baska-partiye-her-sey-yoluna-girebilirse-pazartesi-gunu-liderler-toplantisi-yapmayi-onerdim
15.10.2025;11:14;"SPK, ""Kadınlara Yönelik Finansal Okuryazarlık Eğitimi"" programlarına başladı";https://www.matriksdata.com/website/matriks-haberler/ekonomi/5985384-spk-kadinlara-yonelik-finansal-okuryazarlik-egitimi-programlarina-basladi
15.10.2025;11:12;Japonya muhalefet partisi DPFP Lideri Tamaki: Partimizle CDP arasında hala biraz mesafe var;https://www.matriksdata.com/website/matriks-haberler/siyasi/5985382-japonya-muhalefet-partisi-dpfp-lideri-tamaki-partimizle-cdp-arasinda-hala-biraz-mesafe-var
15.10.2025;11:10;KAP: ALVES  [ ] ALVES KABLO SANAYİ VE TİCARET A.Ş.  Pay Dışında Sermaye Piyasası Aracı İşlemlerine İlişkin Bildirim (Faiz İçeren);https://www.matriksdata.com/website/matriks-haberler/sirket/5985376-kap-alves-alves-kablo-sanayi-ve-ticaret-a-s-pay-disinda-sermaye-piyasasi-araci-islemlerine-iliskin-bildirim-faiz-iceren
15.10.2025;11:08;Çin Ticaret Bakanlığı: Hindistan'ı hatalarını düzeltmeye çağırıyoruz;https://www.matriksdata.com/website/matriks-haberler/dis-ekonomi/5985369-cin-ticaret-bakanligi-hindistan-i-hatalarini-duzeltmeye-cagiriyoruz
15.10.2025;11:08;Çin Ticaret Bakanlığı: Çin, yerli sanayinin haklarını korumak için kararlı önlemler alacak;https://www.matriksdata.com/website/matriks-haberler/ekonomi/5985368-cin-ticaret-bakanligi-cin-yerli-sanayinin-haklarini-korumak-icin-kararli-onlemler-alacak
15.10.2025;11:07;Çin Ticaret Bakanlığı: Hindistan'ın önlemleri Çin'in çıkarlarına zarar veriyor;https://www.matriksdata.com/website/matriks-haberler/dis-ekonomi/5985365-cin-ticaret-bakanligi-hindistan-in-onlemleri-cin-in-cikarlarina-zarar-veriyor
15.10.2025;11:07;Çin Ticaret Bakanlığı: Çin DTÖ'ye Hindistan'ın elektrikli araç ve batarya sübvansiyonlarını şikayet etti;https://www.matriksdata.com/website/matriks-haberler/dis-ekonomi/5985359-cin-ticaret-bakanligi-cin-dto-ye-hindistan-in-elektrikli-arac-ve-batarya-subvansiyonlarini-sikayet-etti
15.10.2025;11:05;(Yenileme) Merkezi yönetim bütçesi Eylül ayında 309,6 milyar TL açık verdi;https://www.matriksdata.com/website/matriks-haberler/makro-veriler/5985350-yenileme-merkezi-yonetim-butcesi-eylul-ayinda-309-6-milyar-tl-acik-verdi
15.10.2025;11:03;KAP: TLR PRHF  [ ] AURA PORTFÖY PARA PİYASASI (TL) FONU  Borsa Dışı Repo/Ters Repo Sözleşmesi;https://www.matriksdata.com/website/matriks-haberler/sirket/5985335-kap-tlr-prhf-aura-portfoy-para-piyasasi-tl-fonu-borsa-disi-repo-ters-repo-sozlesmesi
15.10.2025;11:02;Merkezi yönetim bütçe faiz dışı dengesi Eylül ayında  73 milyar TL açık verdi - Hazine ve Maliye Bakanlığı;https://www.matriksdata.com/website/matriks-haberler/makro-veriler/5985331-merkezi-yonetim-butce-faiz-disi-dengesi-eylul-ayinda-73-milyar-tl-acik-verdi-hazine-ve-maliye-bakanligi
15.10.2025;11:01;Merkezi yönetim bütçe dengesi Eylül ayında 309,6  milyar tl  açık verdi - Hazine ve Maliye Bakanlığı;https://www.matriksdata.com/website/matriks-haberler/makro-veriler/5985329-merkezi-yonetim-butce-dengesi-eylul-ayinda-309-6-milyar-tl-acik-verdi-hazine-ve-maliye-bakanligi
15.10.2025;11:00;TCMB, 24.10.2025 vadeli 100.00 milyar TL tutarlı repo ihalesi açtı;https://www.matriksdata.com/website/matriks-haberler/tahvil-bono/5985326-tcmb-24-10-2025-vadeli-100-00-milyar-tl-tutarli-repo-ihalesi-acti
15.10.2025;10:58;Suudi Arabistan Enerji Bakanı: Ekonomik refah için enerji güvenliğine ihtiyacınız vardır, daha sonra iklim değişikliği gibi şeylerle ilgilenebilirsiniz;https://www.matriksdata.com/website/matriks-haberler/enerji/5985321-suudi-arabistan-enerji-bakani-ekonomik-refah-icin-enerji-guvenligine-ihtiyaciniz-vardir-daha-sonra-iklim-degisikligi-gibi-seylerle-ilgilenebilirsiniz
15.10.2025;10:58;Suudi Enerji Bakanı: Her ülke kendi refahını sağlamak zorundadır;https://www.matriksdata.com/website/matriks-haberler/enerji/5985320-suudi-enerji-bakani-her-ulke-kendi-refahini-saglamak-zorundadir
15.10.2025;10:53;KAP:   [BURVA ] BORSA İSTANBUL BISTECH DEVRE KESİCİ UYGULAMASI  Devre Kesici Uygulaması;https://www.matriksdata.com/website/matriks-haberler/sirket/5985315-kap-burva-borsa-istanbul-bistech-devre-kesici-uygulamasi-devre-kesici-uygulamasi
15.10.2025;10:52;KAP: KCP YDIF  [ ] YAPI KREDİ PORTFÖY MODEL PORTFÖY HİSSE SENEDİ FONU (HİSSE SENEDİ YOĞUN FON)  Fon Sürekli Bilgilendirme Formu;https://www.matriksdata.com/website/matriks-haberler/sirket/5985312-kap-kcp-ydif-yapi-kredi-portfoy-model-portfoy-hisse-senedi-fonu-hisse-senedi-yogun-fon-fon-surekli-bilgilendirme-formu
15.10.2025;10:49;Avrupa savunma hisseleri %0.8 düşüşle art arda beşinci günü de kayıpla kapatmaya gidiyor;https://www.matriksdata.com/website/matriks-haberler/dis-ekonomi/5985307-avrupa-savunma-hisseleri-0-8-dususle-art-arda-besinci-gunu-de-kayipla-kapatmaya-gidiyor
15.10.2025;10:48;Rekabet Kurulu kararları;https://www.matriksdata.com/website/matriks-haberler/sirket/5985306-rekabet-kurulu-kararlari
15.10.2025;10:47;KAP: KCP YTDF  [ ] YAPI KREDİ PORTFÖY YABANCI FON SEPETİ FONU  Fon Sürekli Bilgilendirme Formu;https://www.matriksdata.com/website/matriks-haberler/sirket/5985304-kap-kcp-ytdf-yapi-kredi-portfoy-yabanci-fon-sepeti-fonu-fon-surekli-bilgilendirme-formu
15.10.2025;10:46;KAP: KCP YZGF  [ ] YAPI KREDİ PORTFÖY GÜMÜŞ FON SEPETİ FONU  Fon Sürekli Bilgilendirme Formu;https://www.matriksdata.com/website/matriks-haberler/sirket/5985303-kap-kcp-yzgf-yapi-kredi-portfoy-gumus-fon-sepeti-fonu-fon-surekli-bilgilendirme-formu
15.10.2025;10:46;KAP: KCP YDIF  [ ] YAPI KREDİ PORTFÖY MODEL PORTFÖY HİSSE SENEDİ FONU (HİSSE SENEDİ YOĞUN FON)  Yatırımcı Bilgi Formu;https://www.matriksdata.com/website/matriks-haberler/sirket/5985302-kap-kcp-ydif-yapi-kredi-portfoy-model-portfoy-hisse-senedi-fonu-hisse-senedi-yogun-fon-yatirimci-bilgi-formu
15.10.2025;10:46;KAP: KCP YTDF  [ ] YAPI KREDİ PORTFÖY YABANCI FON SEPETİ FONU  Yatırımcı Bilgi Formu;https://www.matriksdata.com/website/matriks-haberler/sirket/5985301-kap-kcp-ytdf-yapi-kredi-portfoy-yabanci-fon-sepeti-fonu-yatirimci-bilgi-formu
15.10.2025;10:46;KAP: KCP YZGF  [ ] YAPI KREDİ PORTFÖY GÜMÜŞ FON SEPETİ FONU  Yatırımcı Bilgi Formu;https://www.matriksdata.com/website/matriks-haberler/sirket/5985300-kap-kcp-yzgf-yapi-kredi-portfoy-gumus-fon-sepeti-fonu-yatirimci-bilgi-formu
15.10.2025;10:46;KAP: KCP YZGF  [ ] YAPI KREDİ PORTFÖY GÜMÜŞ FON SEPETİ FONU  İzahname (Değişiklik);https://www.matriksdata.com/website/matriks-haberler/sirket/5985299-kap-kcp-yzgf-yapi-kredi-portfoy-gumus-fon-sepeti-fonu-izahname-degisiklik
15.10.2025;10:46;KAP: KCP YTDF  [ ] YAPI KREDİ PORTFÖY YABANCI FON SEPETİ FONU  İzahname (Değişiklik);https://www.matriksdata.com/website/matriks-haberler/sirket/5985298-kap-kcp-ytdf-yapi-kredi-portfoy-yabanci-fon-sepeti-fonu-izahname-degisiklik
15.10.2025;10:46;KAP: KCP YDIF  [ ] YAPI KREDİ PORTFÖY MODEL PORTFÖY HİSSE SENEDİ FONU (HİSSE SENEDİ YOĞUN FON)  İzahname (Değişiklik);https://www.matriksdata.com/website/matriks-haberler/sirket/5985297-kap-kcp-ydif-yapi-kredi-portfoy-model-portfoy-hisse-senedi-fonu-hisse-senedi-yogun-fon-izahname-degisiklik
15.10.2025;10:46;KAP: KCP YDIF  [ ] YAPI KREDİ PORTFÖY MODEL PORTFÖY HİSSE SENEDİ FONU (HİSSE SENEDİ YOĞUN FON)  İzahname;https://www.matriksdata.com/website/matriks-haberler/sirket/5985296-kap-kcp-ydif-yapi-kredi-portfoy-model-portfoy-hisse-senedi-fonu-hisse-senedi-yogun-fon-izahname
15.10.2025;10:46;KAP: KCP YZGF  [ ] YAPI KREDİ PORTFÖY GÜMÜŞ FON SEPETİ FONU  İzahname;https://www.matriksdata.com/website/matriks-haberler/sirket/5985295-kap-kcp-yzgf-yapi-kredi-portfoy-gumus-fon-sepeti-fonu-izahname
15.10.2025;10:46;KAP: KCP YTDF  [ ] YAPI KREDİ PORTFÖY YABANCI FON SEPETİ FONU  İzahname;https://www.matriksdata.com/website/matriks-haberler/sirket/5985294-kap-kcp-ytdf-yapi-kredi-portfoy-yabanci-fon-sepeti-fonu-izahname
15.10.2025;10:45;Yunanistan'da faiz dışı bütçe fazlası Ocak-Eylül döneminde 9.35 milyar euro (Hedeflenen fazla: 5.2 milyar euro);https://www.matriksdata.com/website/matriks-haberler/dis-ekonomi/5985291-yunanistan-da-faiz-disi-butce-fazlasi-ocak-eylul-doneminde-9-35-milyar-euro-hedeflenen-fazla-5-2-milyar-euro
15.10.2025;10:45;Kıymetli madenler piyasası bülteni (Troy Kıymetli Maden);https://www.matriksdata.com/website/matriks-haberler/metal/5985289-kiymetli-madenler-piyasasi-bulteni-troy-kiymetli-maden
15.10.2025;10:42;Fransa'nın CAC40 endeksi Mart'tan beri enyüksek seviyesini gördü, en son %2.3 yükselişte ve Nisan'dan beri en büyük günlük artışa gidiyor;https://www.matriksdata.com/website/matriks-haberler/dis-ekonomi/5985287-fransa-nin-cac40-endeksi-mart-tan-beri-enyuksek-seviyesini-gordu-en-son-2-3-yukseliste-ve-nisan-dan-beri-en-buyuk-gunluk-artisa-gidiyor
15.10.2025;10:39;Zorluteks, Taç Reborn Ecodesıgn ile The Hammers Awards'te Ödüle Layık Görüldü - Basın Açıklaması;https://www.matriksdata.com/website/matriks-haberler/sirket/5985284-zorluteks-tac-reborn-ecodesign-ile-the-hammers-awards-te-odule-layik-goruldu-basin-aciklamasi
15.10.2025;10:38;Decathlon Türkiye, bu sezon da Eczacıbaşı Dynavit Kadın Voleybol Takımı’nın teknik partnerliğini üstleniyor - Basın Açıklaması;https://www.matriksdata.com/website/matriks-haberler/sirket/5985276-decathlon-turkiye-bu-sezon-da-eczacibasi-dynavit-kadin-voleybol-takimi-nin-teknik-partnerligini-ustleniyor-basin-aciklamasi
15.10.2025;10:34;"Teknosa, ""Teknoloji Marketi"" kategorisinde üst üste üçüncü kez Türkiye'nin en teknolojik markası seçildi";https://www.matriksdata.com/website/matriks-haberler/sirket/5985268-teknosa-teknoloji-marketi-kategorisinde-ust-uste-ucuncu-kez-turkiye-nin-en-teknolojik-markasi-secildi
15.10.2025;10:34;Küresel Piyasalara Bakış (Deniz Yatırım);https://www.matriksdata.com/website/matriks-haberler/yorum/5985266-kuresel-piyasalara-bakis-deniz-yatirim
15.10.2025;10:33;Vakıf Katılım Portföy  faaliyete başladı;https://www.matriksdata.com/website/matriks-haberler/sirket/5985263-vakif-katilim-portfoy-faaliyete-basladi
15.10.2025;10:31;KAP:   [OSMEN ] BORSA İSTANBUL BISTECH DEVRE KESİCİ UYGULAMASI  Devre Kesici Uygulaması;https://www.matriksdata.com/website/matriks-haberler/sirket/5985260-kap-osmen-borsa-istanbul-bistech-devre-kesici-uygulamasi-devre-kesici-uygulamasi
15.10.2025;10:28;KAP:   [DAPGM ] BORSA İSTANBUL BISTECH DEVRE KESİCİ UYGULAMASI  Devre Kesici Uygulaması;https://www.matriksdata.com/website/matriks-haberler/sirket/5985256-kap-dapgm-borsa-istanbul-bistech-devre-kesici-uygulamasi-devre-kesici-uygulamasi
15.10.2025;10:27;Terminal Investment Switzerland'ın Socar Aliağa Liman İşletmeciliği’nin ortak kontrolünü devralması işlemine ilişkin Rekabet Kurulu'na başvuruldu;https://www.matriksdata.com/website/matriks-haberler/sirket/5985253-terminal-investment-switzerland-in-socar-aliaga-liman-isletmeciligi-nin-ortak-kontrolunu-devralmasi-islemine-iliskin-rekabet-kurulu-na-basvuruldu
15.10.2025;10:25;KAP:   [DUNYH ] BORSA İSTANBUL BISTECH DEVRE KESİCİ UYGULAMASI  Devre Kesici Uygulaması;https://www.matriksdata.com/website/matriks-haberler/sirket/5985251-kap-dunyh-borsa-istanbul-bistech-devre-kesici-uygulamasi-devre-kesici-uygulamasi
15.10.2025;10:24;KAP: KTSVK  [ ] KT SUKUK VARLIK KİRALAMA A.Ş.  Pay Dışında Sermaye Piyasası Aracı İşlemlerine İlişkin Bildirim (Faizsiz);https://www.matriksdata.com/website/matriks-haberler/sirket/5985247-kap-ktsvk-kt-sukuk-varlik-kiralama-a-s-pay-disinda-sermaye-piyasasi-araci-islemlerine-iliskin-bildirim-faizsiz
15.10.2025;10:24;KAP: OYAYO  [ ] OYAK YATIRIM ORTAKLIĞI A.Ş.  Özel Durum Açıklaması (Genel);https://www.matriksdata.com/website/matriks-haberler/sirket/5985245-kap-oyayo-oyak-yatirim-ortakligi-a-s-ozel-durum-aciklamasi-genel
15.10.2025;10:22;Bakan Uraloğlu: Operatörlerin halen 4.5G'deki yükümlülüğü nüfusun %95'ini kapsamak, 5G burada ciddi bir katkı sağlayacak oranları %97-98' lere, %100'lere yaklaştırma imkanımız olmuş olacak;https://www.matriksdata.com/website/matriks-haberler/ekonomi/5985243-bakan-uraloglu-operatorlerin-halen-4-5g-deki-yukumlulugu-nufusun-95-ini-kapsamak-5g-burada-ciddi-bir-katki-saglayacak-oranlari-97-98-lere-100-lere-yaklastirma-imkanimiz-olmus-olacak
15.10.2025;10:21;Forex Günlük Bülten  (Gedik Yatırım);https://www.matriksdata.com/website/matriks-haberler/yorum/5985242-forex-gunluk-bulten-gedik-yatirim
15.10.2025;10:20;KAP: MRBAS MRS  [BARMA ] MARBAŞ MENKUL DEĞERLER A.Ş.  Likidite Sağlayıcılık Kapsamındaki İşlemler;https://www.matriksdata.com/website/matriks-haberler/sirket/5985240-kap-mrbas-mrs-barma-marbas-menkul-degerler-a-s-likidite-saglayicilik-kapsamindaki-islemler
15.10.2025;10:20;KAP:   [CRFSA ] BORSA İSTANBUL BISTECH DEVRE KESİCİ UYGULAMASI  Devre Kesici Uygulaması;https://www.matriksdata.com/website/matriks-haberler/sirket/5985239-kap-crfsa-borsa-istanbul-bistech-devre-kesici-uygulamasi-devre-kesici-uygulamasi
15.10.2025;10:17;Bakan Uraloğlu: 85 milyon abonemiz var, bunların 22 milyonu yani, %26'sı 5G uyumlu telefon;https://www.matriksdata.com/website/matriks-haberler/ekonomi/5985231-bakan-uraloglu-85-milyon-abonemiz-var-bunlarin-22-milyonu-yani-26-si-5g-uyumlu-telefon
15.10.2025;10:17;İngiltere'nin 30 yıllık devlet tahvillerinin getirisi 4 baz puan düşüş ve %5.348 ile 7 Ağustos'tan beri en düşük seviyede;https://www.matriksdata.com/website/matriks-haberler/tahvil-bono/5985230-ingiltere-nin-30-yillik-devlet-tahvillerinin-getirisi-4-baz-puan-dusus-ve-5-348-ile-7-agustos-tan-beri-en-dusuk-seviyede
15.10.2025;10:16;KAP:   [BVSAN ] BORSA İSTANBUL BISTECH DEVRE KESİCİ UYGULAMASI  Devre Kesici Uygulaması;https://www.matriksdata.com/website/matriks-haberler/sirket/5985227-kap-bvsan-borsa-istanbul-bistech-devre-kesici-uygulamasi-devre-kesici-uygulamasi
15.10.2025;10:16;KAP:   [DAPGM ] BORSA İSTANBUL BISTECH DEVRE KESİCİ UYGULAMASI  Devre Kesici Uygulaması;https://www.matriksdata.com/website/matriks-haberler/sirket/5985226-kap-dapgm-borsa-istanbul-bistech-devre-kesici-uygulamasi-devre-kesici-uygulamasi
15.10.2025;10:16;Günlük FX Bülteni  (İnfo Yatırım);https://www.matriksdata.com/website/matriks-haberler/yorum/5985225-gunluk-fx-bulteni-info-yatirim
15.10.2025;10:14;KAP: HFP HPNF  [ ] HEDEF PORTFÖY YÖNETİMİ A.Ş. BİRLİK GİRİŞİM SERMAYESİ YATIRIM FONU  Fon Sürekli Bilgilendirme Formu;https://www.matriksdata.com/website/matriks-haberler/sirket/5985218-kap-hfp-hpnf-hedef-portfoy-yonetimi-a-s-birlik-girisim-sermayesi-yatirim-fonu-fon-surekli-bilgilendirme-formu
15.10.2025;10:13;KAP:   [PINSU ] BORSA İSTANBUL BISTECH DEVRE KESİCİ UYGULAMASI  Devre Kesici Uygulaması;https://www.matriksdata.com/website/matriks-haberler/sirket/5985216-kap-pinsu-borsa-istanbul-bistech-devre-kesici-uygulamasi-devre-kesici-uygulamasi
15.10.2025;10:11;Bakan Uraloğlu: 5G'de %60 yerlilik oranı öngörüyoruz - Bloomberg HT;https://www.matriksdata.com/website/matriks-haberler/ekonomi/5985213-bakan-uraloglu-5g-de-60-yerlilik-orani-ongoruyoruz-bloomberg-ht
15.10.2025;10:11;KAP: DYOBY  [ ] DYO BOYA FABRİKALARI SANAYİ VE TİCARET A.Ş.  Pay Dışında Sermaye Piyasası Aracı İşlemlerine İlişkin Bildirim (Faiz İçeren);https://www.matriksdata.com/website/matriks-haberler/sirket/5985212-kap-dyoby-dyo-boya-fabrikalari-sanayi-ve-ticaret-a-s-pay-disinda-sermaye-piyasasi-araci-islemlerine-iliskin-bildirim-faiz-iceren
15.10.2025;10:11;ebebek, The Hammers Awards 2025’ten altın ve gümüş ödülle döndü;https://www.matriksdata.com/website/matriks-haberler/sirket/5985211-ebebek-the-hammers-awards-2025-ten-altin-ve-gumus-odulle-dondu
15.10.2025;10:10;FX Bülteni (Ziraat Yatırım);https://www.matriksdata.com/website/matriks-haberler/yorum/5985210-fx-bulteni-ziraat-yatirim
15.10.2025;10:10;KAP: TMPOL  [ ] TEMAPOL POLİMER PLASTİK VE İNŞAAT SANAYİ TİCARET A.Ş.  Şirket Genel Bilgi Formu;https://www.matriksdata.com/website/matriks-haberler/sirket/5985209-kap-tmpol-temapol-polimer-plastik-ve-insaat-sanayi-ticaret-a-s-sirket-genel-bilgi-formu
15.10.2025;10:09;KAP:   [SILVR ] BORSA İSTANBUL BISTECH DEVRE KESİCİ UYGULAMASI  Devre Kesici Uygulaması;https://www.matriksdata.com/website/matriks-haberler/sirket/5985207-kap-silvr-borsa-istanbul-bistech-devre-kesici-uygulamasi-devre-kesici-uygulamasi
15.10.2025;10:08;Bakan Uraloğlu: (5G ihalesi) 2 milyar 125 milyon dolar altında bir gelir beklemiyoruz - Bloomberg HT;https://www.matriksdata.com/website/matriks-haberler/ekonomi/5985205-bakan-uraloglu-5g-ihalesi-2-milyar-125-milyon-dolar-altinda-bir-gelir-beklemiyoruz-bloomberg-ht
15.10.2025;10:07;Uluslararası Piyasalar Bülteni (Deniz Yatırım);https://www.matriksdata.com/website/matriks-haberler/yorum/5985202-uluslararasi-piyasalar-bulteni-deniz-yatirim
15.10.2025;10:05;KAP:   [UFUK ] BORSA İSTANBUL BISTECH DEVRE KESİCİ UYGULAMASI  Devre Kesici Uygulaması;https://www.matriksdata.com/website/matriks-haberler/sirket/5985197-kap-ufuk-borsa-istanbul-bistech-devre-kesici-uygulamasi-devre-kesici-uygulamasi
15.10.2025;10:04;Saat başı belirlenen TCMB döviz kurları ve altın fiyatları - 15 Ekim;https://www.matriksdata.com/website/matriks-haberler/fx/5985192-saat-basi-belirlenen-tcmb-doviz-kurlari-ve-altin-fiyatlari-15-ekim
15.10.2025;10:03;Avrupa borsaları yükselişle açıldı;https://www.matriksdata.com/website/matriks-haberler/dis-ekonomi/5985190-avrupa-borsalari-yukselisle-acildi
15.10.2025;10:03;Kazakistan'da sanayi üretimi Ocak-Eylül döneminde yıllık %7.4 arttı;https://www.matriksdata.com/website/matriks-haberler/dis-ekonomi/5985189-kazakistan-da-sanayi-uretimi-ocak-eylul-doneminde-yillik-7-4-artti
15.10.2025;10:03;KAP: VKF  [ ] VAKIF KATILIM BANKASI A.Ş.  Özel Durum Açıklaması (Genel);https://www.matriksdata.com/website/matriks-haberler/sirket/5985188-kap-vkf-vakif-katilim-bankasi-a-s-ozel-durum-aciklamasi-genel
15.10.2025;10:03;Garanti BBVA, başarıyla tamamlanan 700 milyon dolarlık yeni işlemle sermaye benzeri tahvil ihracı toplam tutarını iki yılda 2,45 milyar dolara ulaştırdı;https://www.matriksdata.com/website/matriks-haberler/sirket/5985186-garanti-bbva-basariyla-tamamlanan-700-milyon-dolarlik-yeni-islemle-sermaye-benzeri-tahvil-ihraci-toplam-tutarini-iki-yilda-2-45-milyar-dolara-ulastirdi
15.10.2025;10:02;KAP:   [BVSAN ] BORSA İSTANBUL BISTECH DEVRE KESİCİ UYGULAMASI  Devre Kesici Uygulaması;https://www.matriksdata.com/website/matriks-haberler/sirket/5985185-kap-bvsan-borsa-istanbul-bistech-devre-kesici-uygulamasi-devre-kesici-uygulamasi
15.10.2025;10:02;Hizmet üretim endeksi Ağustos ayında yıllık 3.6% arttı - TÜİK;https://www.matriksdata.com/website/matriks-haberler/ekonomi/5985182-hizmet-uretim-endeksi-agustos-ayinda-yillik-3-6-artti-tuik
15.10.2025;10:01;İnşaat üretimi, Ağustos ayında bir önceki aya göre +0.4% (önceki: +1.9%);https://www.matriksdata.com/website/matriks-haberler/ekonomi/5985180-insaat-uretimi-agustos-ayinda-bir-onceki-aya-gore-0-4-onceki-1-9
15.10.2025;10:01;(Yenileme) Ücretli çalışanların sayısı Ağustos ayında yıllık %1,2 arttı;https://www.matriksdata.com/website/matriks-haberler/ekonomi/5985178-yenileme-ucretli-calisanlarin-sayisi-agustos-ayinda-yillik-1-2-artti
15.10.2025;10:01;Hizmet üretim endeksi Ağustos ayında yıllık %3,6 arttı - TÜİK;https://www.matriksdata.com/website/matriks-haberler/ekonomi/5985177-hizmet-uretim-endeksi-agustos-ayinda-yillik-3-6-artti-tuik
15.10.2025;10:00;İnşaat üretimi, Ağustos ayında geçen yılın aynı ayına göre +25.0% (önceki: +24.1%);https://www.matriksdata.com/website/matriks-haberler/ekonomi/5985175-insaat-uretimi-agustos-ayinda-gecen-yilin-ayni-ayina-gore-25-0-onceki-24-1
15.10.2025;10:00;Ücretli çalışanların sayısı Ağustos ayında aylık 0.0% (önceki: +0.3%) - TÜİK;https://www.matriksdata.com/website/matriks-haberler/ekonomi/5985174-ucretli-calisanlarin-sayisi-agustos-ayinda-aylik-0-0-onceki-0-3-tuik
15.10.2025;10:00;Hizmet üretim endeksi Ağustos ayında aylık % 0,4 arttı(Önceki: -0.4%);https://www.matriksdata.com/website/matriks-haberler/ekonomi/5985173-hizmet-uretim-endeksi-agustos-ayinda-aylik-0-4-artti-onceki-0-4
15.10.2025;10:00;Ücretli çalışanların sayısı Ağustos ayında yıllık +1,2% (önceki: +1.2%) - TÜİK;https://www.matriksdata.com/website/matriks-haberler/ekonomi/5985172-ucretli-calisanlarin-sayisi-agustos-ayinda-yillik-1-2-onceki-1-2-tuik
15.10.2025;10:00;Hizmet üretim endeksi Ağustos ayında yıllık % 3,6 arttı(Önceki: +2.5%);https://www.matriksdata.com/website/matriks-haberler/ekonomi/5985171-hizmet-uretim-endeksi-agustos-ayinda-yillik-3-6-artti-onceki-2-5
15.10.2025;10:00;İspanya'da Eylül ayı nihai TÜFE yıllık % +3.0(Beklenti: +2.9% önceki: +2.9%);https://www.matriksdata.com/website/matriks-haberler/dis-ekonomi/5985170-ispanya-da-eylul-ayi-nihai-tufe-yillik-3-0-beklenti-2-9-onceki-2-9
15.10.2025;10:00;İspanya'da Eylül ayı AB uyumlu TÜFE yıllık +3.0% (Beklenti: +3.0% önceki: +3.0%);https://www.matriksdata.com/website/matriks-haberler/dis-ekonomi/5985169-ispanya-da-eylul-ayi-ab-uyumlu-tufe-yillik-3-0-beklenti-3-0-onceki-3-0
15.10.2025;10:00;İspanya'da Eylül ayı nihai TÜFE aylık %-0.3 (Beklenti: -0.4% önceki: -0.4%);https://www.matriksdata.com/website/matriks-haberler/dis-ekonomi/5985168-ispanya-da-eylul-ayi-nihai-tufe-aylik-0-3-beklenti-0-4-onceki-0-4
15.10.2025;10:00;KAP:   [DSTKF ] BORSA İSTANBUL BISTECH DEVRE KESİCİ UYGULAMASI  Devre Kesici Uygulaması;https://www.matriksdata.com/website/matriks-haberler/sirket/5985167-kap-dstkf-borsa-istanbul-bistech-devre-kesici-uygulamasi-devre-kesici-uygulamasi
15.10.2025;10:00;İspanya'da Eylül ayı AB uyumlu TÜFE aylık +0.2% (Beklenti: +0.1% önceki: +0.1%);https://www.matriksdata.com/website/matriks-haberler/dis-ekonomi/5985166-ispanya-da-eylul-ayi-ab-uyumlu-tufe-aylik-0-2-beklenti-0-1-onceki-0-1
15.10.2025;10:00;Spot piyasada altının onsu ilk kez 4.200 doları gördü;https://www.matriksdata.com/website/matriks-haberler/metal/5985165-spot-piyasada-altinin-onsu-ilk-kez-4-200-dolari-gordu
15.10.2025;10:00;KAP:   [OZRDN ] BORSA İSTANBUL BISTECH DEVRE KESİCİ UYGULAMASI  Devre Kesici Uygulaması;https://www.matriksdata.com/website/matriks-haberler/sirket/5985164-kap-ozrdn-borsa-istanbul-bistech-devre-kesici-uygulamasi-devre-kesici-uygulamasi
15.10.2025;10:00;KAP:   [ONCSM ] BORSA İSTANBUL BISTECH DEVRE KESİCİ UYGULAMASI  Devre Kesici Uygulaması;https://www.matriksdata.com/website/matriks-haberler/sirket/5985161-kap-oncsm-borsa-istanbul-bistech-devre-kesici-uygulamasi-devre-kesici-uygulamasi
15.10.2025;10:00;Merkez Bankası'nca açıklanan verilere göre bankaların serbest depoları toplamı 1471441,2 milyon TL;https://www.matriksdata.com/website/matriks-haberler/tahvil-bono/5985160-merkez-bankasi-nca-aciklanan-verilere-gore-bankalarin-serbest-depolari-toplami-1471441-2-milyon-tl
15.10.2025;10:00;Merkez Bankası'nca açıklanan rezerv verilerine göre bugün piyasa 2331198,9 milyon TL artıda;https://www.matriksdata.com/website/matriks-haberler/tahvil-bono/5985159-merkez-bankasi-nca-aciklanan-rezerv-verilerine-gore-bugun-piyasa-2331198-9-milyon-tl-artida
15.10.2025;09:59;Küresel ticaret 2029'a kadar önceki on yılın büyüme oranını yakalama yolunda ilerliyor - DHL Global Connectedness Tracker,;https://www.matriksdata.com/website/matriks-haberler/dis-ekonomi/5985158-kuresel-ticaret-2029-a-kadar-onceki-on-yilin-buyume-oranini-yakalama-yolunda-ilerliyor-dhl-global-connectedness-tracker
15.10.2025;09:57;BIST 100 endeksi güne %0.40 artışla 10357,17 puandan başladı;https://www.matriksdata.com/website/matriks-haberler/ekonomi/5985154-bist-100-endeksi-gune-0-40-artisla-10357-17-puandan-basladi
15.10.2025;09:57;KAP: BRISA  [ ] BRİSA BRİDGESTONE SABANCI LASTİK SANAYİ VE TİCARET A.Ş.  Finansal Takvim;https://www.matriksdata.com/website/matriks-haberler/sirket/5985152-kap-brisa-brisa-bridgestone-sabanci-lastik-sanayi-ve-ticaret-a-s-finansal-takvim
15.10.2025;09:54;Forex Bülteni (İntegral Yatırım Menkul Değerler );https://www.matriksdata.com/website/matriks-haberler/yorum/5985148-forex-bulteni-integral-yatirim-menkul-degerler
15.10.2025;09:53;Yurt İçi Piyasalar Günlük Bülten   (ALB Yatırım);https://www.matriksdata.com/website/matriks-haberler/yorum/5985145-yurt-ici-piyasalar-gunluk-bulten-alb-yatirim
15.10.2025;09:53;Japonya'da Nikkei 225 endeksi %1.76 artışla 47672,.67 puandan kapandı;https://www.matriksdata.com/website/matriks-haberler/dis-ekonomi/5985142-japonya-da-nikkei-225-endeksi-1-76-artisla-47672-67-puandan-kapandi
15.10.2025;09:53;Teknik Analiz Bülteni (Piramit Menkul);https://www.matriksdata.com/website/matriks-haberler/yorum/5985141-teknik-analiz-bulteni-piramit-menkul
15.10.2025;09:52;Günlük Strateji Bülteni  (Piramit Menkul);https://www.matriksdata.com/website/matriks-haberler/yorum/5985140-gunluk-strateji-bulteni-piramit-menkul
15.10.2025;09:52;Powell’dan Soğukkanlı Duruş: Bilanço Daralmasının Sonuna Yaklaşılıyor (Ikon Menkul);https://www.matriksdata.com/website/matriks-haberler/fx/5985139-powell-dan-sogukkanli-durus-bilanco-daralmasinin-sonuna-yaklasiliyor-ikon-menkul
15.10.2025;09:51;Devlet İç Borçlanma Senetleri Bülteni (Gedik Yatırım);https://www.matriksdata.com/website/matriks-haberler/yorum/5985137-devlet-ic-borclanma-senetleri-bulteni-gedik-yatirim
15.10.2025;09:51;Özel Sektör Borçlanma Araçları Bülteni(Gedik Yatırım);https://www.matriksdata.com/website/matriks-haberler/yorum/5985136-ozel-sektor-borclanma-araclari-bulteni-gedik-yatirim
15.10.2025;09:51;Günlük Eurobond Bülteni (Gedik Yatırım);https://www.matriksdata.com/website/matriks-haberler/yorum/5985133-gunluk-eurobond-bulteni-gedik-yatirim
15.10.2025;09:50;OPEC Genel Sekreteri: Dünya nüfusu ve ekonomisi büyümeye devam edecek ve dünya çok daha fazla enerjiye ihtiyaç duyacak;https://www.matriksdata.com/website/matriks-haberler/enerji/5985132-opec-genel-sekreteri-dunya-nufusu-ve-ekonomisi-buyumeye-devam-edecek-ve-dunya-cok-daha-fazla-enerjiye-ihtiyac-duyacak
15.10.2025;09:50;OPEC Genel Sekreteri: Petrol, 2050'ye kadar global enerjinin hala %30'unu oluşturacak;https://www.matriksdata.com/website/matriks-haberler/enerji/5985131-opec-genel-sekreteri-petrol-2050-ye-kadar-global-enerjinin-hala-30-unu-olusturacak
15.10.2025;09:50;Günlük Bülten(Yapı Kredi Yatırım);https://www.matriksdata.com/website/matriks-haberler/yorum/5985128-gunluk-bulten-yapi-kredi-yatirim
15.10.2025;09:48;OPEC Genel Sekreteri: Rusya sağlam ve istikrarlı bir ortak;https://www.matriksdata.com/website/matriks-haberler/enerji/5985123-opec-genel-sekreteri-rusya-saglam-ve-istikrarli-bir-ortak
15.10.2025;09:47;KAP: KTSVK  [ ] KT SUKUK VARLIK KİRALAMA A.Ş.  Pay Dışında Sermaye Piyasası Aracı İşlemlerine İlişkin Bildirim (Faizsiz);https://www.matriksdata.com/website/matriks-haberler/sirket/5985121-kap-ktsvk-kt-sukuk-varlik-kiralama-a-s-pay-disinda-sermaye-piyasasi-araci-islemlerine-iliskin-bildirim-faizsiz
15.10.2025;09:46;KAP: YKR YKYAT  [ ] YAPI KREDİ YATIRIM MENKUL DEĞERLER A.Ş.  Pay Dışında Sermaye Piyasası Aracı İşlemlerine İlişkin Bildirim (Faiz İçeren);https://www.matriksdata.com/website/matriks-haberler/sirket/5985120-kap-ykr-ykyat-yapi-kredi-yatirim-menkul-degerler-a-s-pay-disinda-sermaye-piyasasi-araci-islemlerine-iliskin-bildirim-faiz-iceren
15.10.2025;09:46;Günlük Bülten (Bulls Yatırım);https://www.matriksdata.com/website/matriks-haberler/yorum/5985119-gunluk-bulten-bulls-yatirim
15.10.2025;09:46;KAP: GRNYO  [ ] GARANTİ YATIRIM ORTAKLIĞI A.Ş.  Özel Durum Açıklaması (Genel);https://www.matriksdata.com/website/matriks-haberler/sirket/5985118-kap-grnyo-garanti-yatirim-ortakligi-a-s-ozel-durum-aciklamasi-genel
15.10.2025;09:46;KAP: IGP PKAF  [ ] İSRA GAYRİMENKUL VE GİRİŞİM SERMAYESİ PORTFÖY YÖNETİMİ A.Ş. V METROWAY KATILIM GAYRİMENKUL YATIRIM FONU  Genel Açıklama;https://www.matriksdata.com/website/matriks-haberler/sirket/5985116-kap-igp-pkaf-isra-gayrimenkul-ve-girisim-sermayesi-portfoy-yonetimi-a-s-v-metroway-katilim-gayrimenkul-yatirim-fonu-genel-aciklama
15.10.2025;09:45;Günlük Stratejik Bakış (Marbaş Menkul Değerler );https://www.matriksdata.com/website/matriks-haberler/yorum/5985115-gunluk-stratejik-bakis-marbas-menkul-degerler
15.10.2025;09:45;Fransa TÜFE Yıllık  %+1.2  (Beklenti:%  Önceki:%+0.9;https://www.matriksdata.com/website/matriks-haberler/dis-ekonomi/5985111-fransa-tufe-yillik-1-2-beklenti-onceki-0-9
15.10.2025;09:45;Fransa AB Uyumlu TÜFE Yıllık  %+1.1  (Beklenti:%  Önceki:%+0.8;https://www.matriksdata.com/website/matriks-haberler/dis-ekonomi/5985110-fransa-ab-uyumlu-tufe-yillik-1-1-beklenti-onceki-0-8
15.10.2025;09:45;Fransa TÜFE Aylık  %-1  (Beklenti:%  Önceki:%+0.4;https://www.matriksdata.com/website/matriks-haberler/dis-ekonomi/5985109-fransa-tufe-aylik-1-beklenti-onceki-0-4
15.10.2025;09:45;Fransa AB Uyumlu TÜFE Aylık  %-1.1  (Beklenti:%  Önceki:%+0.5;https://www.matriksdata.com/website/matriks-haberler/dis-ekonomi/5985108-fransa-ab-uyumlu-tufe-aylik-1-1-beklenti-onceki-0-5
15.10.2025;09:44;Günlük Piyasa Özeti (Garanti BBVA Yatırım);https://www.matriksdata.com/website/matriks-haberler/yorum/5985107-gunluk-piyasa-ozeti-garanti-bbva-yatirim
15.10.2025;09:44;Piyasalarda bugün (İş Yatırım);https://www.matriksdata.com/website/matriks-haberler/yorum/5985106-piyasalarda-bugun-is-yatirim
15.10.2025;09:44;Teknik Bülten  (Allbatross Yatırım);https://www.matriksdata.com/website/matriks-haberler/yorum/5985105-teknik-bulten-allbatross-yatirim
15.10.2025;09:43;KAP: PHP  [ ] PHİLLİP PORTFÖY YÖNETİMİ A.Ş.  Şirket Genel Bilgi Formu;https://www.matriksdata.com/website/matriks-haberler/sirket/5985104-kap-php-phillip-portfoy-yonetimi-a-s-sirket-genel-bilgi-formu
15.10.2025;09:41;Teknik Bülten (Bulls Yatırım);https://www.matriksdata.com/website/matriks-haberler/yorum/5985103-teknik-bulten-bulls-yatirim
15.10.2025;09:41;Günlük Bülten  (Ata Yatırım);https://www.matriksdata.com/website/matriks-haberler/yorum/5985102-gunluk-bulten-ata-yatirim
15.10.2025;09:39;Fransa Sosyalist Parti lideri Faure partisinin Zucman vergisi geri getirmeye çalışacağını söyledi;https://www.matriksdata.com/website/matriks-haberler/dis-ekonomi/5985100-fransa-sosyalist-parti-lideri-faure-partisinin-zucman-vergisi-geri-getirmeye-calisacagini-soyledi
15.10.2025;09:39;Foreks Bülteni (Destek Yatırım);https://www.matriksdata.com/website/matriks-haberler/yorum/5985099-foreks-bulteni-destek-yatirim
15.10.2025;09:38;KAP: IGP PKAF  [ ] İSRA GAYRİMENKUL VE GİRİŞİM SERMAYESİ PORTFÖY YÖNETİMİ A.Ş. V METROWAY KATILIM GAYRİMENKUL YATIRIM FONU  Fon İhraç Sözleşmesi;https://www.matriksdata.com/website/matriks-haberler/sirket/5985097-kap-igp-pkaf-isra-gayrimenkul-ve-girisim-sermayesi-portfoy-yonetimi-a-s-v-metroway-katilim-gayrimenkul-yatirim-fonu-fon-ihrac-sozlesmesi
15.10.2025;09:38;Viop Teknik Analiz Raporu (Halk Yatırım);https://www.matriksdata.com/website/matriks-haberler/yorum/5985096-viop-teknik-analiz-raporu-halk-yatirim
15.10.2025;09:37;KAP: EPY PODF  [ ] DENİZ PORTFÖY ONBEŞİNCİ SERBEST (DÖVİZ-POUND) FON  Borsa Dışı Repo/Ters Repo Sözleşmesi;https://www.matriksdata.com/website/matriks-haberler/sirket/5985094-kap-epy-podf-deniz-portfoy-onbesinci-serbest-doviz-pound-fon-borsa-disi-repo-ters-repo-sozlesmesi
15.10.2025;09:37;KAP: EPY DOVF  [ ] DENİZ PORTFÖY ONÜÇÜNCÜ SERBEST (DÖVİZ-AVRO) FON  Borsa Dışı Repo/Ters Repo Sözleşmesi;https://www.matriksdata.com/website/matriks-haberler/sirket/5985093-kap-epy-dovf-deniz-portfoy-onucuncu-serbest-doviz-avro-fon-borsa-disi-repo-ters-repo-sozlesmesi
15.10.2025;09:37;KAP: EPY DASF  [ ] DENİZ PORTFÖY ONİKİNCİ SERBEST (DÖVİZ) FON  Borsa Dışı Repo/Ters Repo Sözleşmesi;https://www.matriksdata.com/website/matriks-haberler/sirket/5985092-kap-epy-dasf-deniz-portfoy-onikinci-serbest-doviz-fon-borsa-disi-repo-ters-repo-sozlesmesi
15.10.2025;09:37;Apple 3. çeyrekte yıllık %0.6 artışla 10.8 milyon adet akıllı telefon sattı - IDC verileri;https://www.matriksdata.com/website/matriks-haberler/dis-ekonomi/5985091-apple-3-ceyrekte-yillik-0-6-artisla-10-8-milyon-adet-akilli-telefon-satti-idc-verileri
15.10.2025;09:36;Market Watch (Şeker Yatırım);https://www.matriksdata.com/website/matriks-haberler/yorum/5985090-market-watch-seker-yatirim
15.10.2025;09:35;Rusya/Novak: Jeopolitik gerilimler, yaptırımlar ve ticaret savaşları enerji tedarikleri için olan riskler;https://www.matriksdata.com/website/matriks-haberler/enerji/5985089-rusya-novak-jeopolitik-gerilimler-yaptirimlar-ve-ticaret-savaslari-enerji-tedarikleri-icin-olan-riskler
15.10.2025;09:35;Günlük Bülten  (Tacirler Yatırım );https://www.matriksdata.com/website/matriks-haberler/yorum/5985088-gunluk-bulten-tacirler-yatirim
15.10.2025;09:35;Rusya/Novak: Aynı zamanda petrol talebinin artmasını bekliyoruz;https://www.matriksdata.com/website/matriks-haberler/enerji/5985086-rusya-novak-ayni-zamanda-petrol-talebinin-artmasini-bekliyoruz
15.10.2025;09:35;Rusya/Novak: Global petrol talebinde bu yıl 2024 ile aynı seviyede artış bekliyoruz;https://www.matriksdata.com/website/matriks-haberler/enerji/5985085-rusya-novak-global-petrol-talebinde-bu-yil-2024-ile-ayni-seviyede-artis-bekliyoruz
15.10.2025;09:34;Rusya/Novak:  Ayrıca petrol talebinde yükselme görüyoruz;https://www.matriksdata.com/website/matriks-haberler/enerji/5985082-rusya-novak-ayrica-petrol-talebinde-yukselme-goruyoruz
15.10.2025;09:34;Rusya/Novak:  Global enerji talebi, özellikle elektrik enerji talebi büyüyor;https://www.matriksdata.com/website/matriks-haberler/enerji/5985081-rusya-novak-global-enerji-talebi-ozellikle-elektrik-enerji-talebi-buyuyor
15.10.2025;09:33;Varant günlük bülten (Ak Yatırım);https://www.matriksdata.com/website/matriks-haberler/yorum/5985079-varant-gunluk-bulten-ak-yatirim
15.10.2025;09:32;Hazine  Günlük Bülten (Gedik Yatırım);https://www.matriksdata.com/website/matriks-haberler/yorum/5985077-hazine-gunluk-bulten-gedik-yatirim
15.10.2025;09:31;Yurt Dışı Piyasalar Günlük Bülten  (ALB Yatırım);https://www.matriksdata.com/website/matriks-haberler/yorum/5985076-yurt-disi-piyasalar-gunluk-bulten-alb-yatirim
15.10.2025;09:31;Yurt İçi Piyasalar Günlük Bülten (Burgan Yatırım);https://www.matriksdata.com/website/matriks-haberler/yorum/5985075-yurt-ici-piyasalar-gunluk-bulten-burgan-yatirim
15.10.2025;09:30;Uluslararası Piyasalar Günlük Bülten (Burgan Yatırım);https://www.matriksdata.com/website/matriks-haberler/yorum/5985074-uluslararasi-piyasalar-gunluk-bulten-burgan-yatirim
15.10.2025;09:30;Günlük Bülten (Trive Yatırım Menkul Değerler );https://www.matriksdata.com/website/matriks-haberler/yorum/5985072-gunluk-bulten-trive-yatirim-menkul-degerler
15.10.2025;09:30;TCMB'nin USD cinsi zorunlu karşılıklara uygulayacağı gecelik faiz oranı bugün için % 2,750 olarak açıklandı;https://www.matriksdata.com/website/matriks-haberler/ekonomi/5985071-tcmb-nin-usd-cinsi-zorunlu-karsiliklara-uygulayacagi-gecelik-faiz-orani-bugun-icin-2-750-olarak-aciklandi
15.10.2025;09:29;Sabah Notları   (Ahlatcı Yatırım);https://www.matriksdata.com/website/matriks-haberler/yorum/5985070-sabah-notlari-ahlatci-yatirim
15.10.2025;09:27;Günlük Bülten(Şeker Yatırım);https://www.matriksdata.com/website/matriks-haberler/yorum/5985068-gunluk-bulten-seker-yatirim
15.10.2025;09:26;KAP:   [EBEBK GOKNR LIDER PLTUR ] BORSA İSTANBUL A.Ş.  BISTECH Pay Piyasası Alım Satım Sistemi Duyurusu;https://www.matriksdata.com/website/matriks-haberler/sirket/5985067-kap-ebebk-goknr-lider-pltur-borsa-istanbul-a-s-bistech-pay-piyasasi-alim-satim-sistemi-duyurusu
15.10.2025;09:26;Türkiye, dünya gıda ihracatından %1,5 pay alıyor;https://www.matriksdata.com/website/matriks-haberler/ekonomi/5985066-turkiye-dunya-gida-ihracatindan-1-5-pay-aliyor
15.10.2025;09:26;KAP:   [ISMEN IYM ] BORSA İSTANBUL A.Ş.  BISTECH Pay Piyasası Alım Satım Sistemi Duyurusu;https://www.matriksdata.com/website/matriks-haberler/sirket/5985065-kap-ismen-iym-borsa-istanbul-a-s-bistech-pay-piyasasi-alim-satim-sistemi-duyurusu
15.10.2025;09:26;Fx Bülten (Şeker Yatırım);https://www.matriksdata.com/website/matriks-haberler/yorum/5985064-fx-bulten-seker-yatirim
15.10.2025;09:24;KAP: DERHL  [ ] DERLÜKS YATIRIM HOLDİNG A.Ş.  Pay Dışında Sermaye Piyasası Aracı İşlemlerine İlişkin Bildirim (Faiz İçeren);https://www.matriksdata.com/website/matriks-haberler/sirket/5985062-kap-derhl-derluks-yatirim-holding-a-s-pay-disinda-sermaye-piyasasi-araci-islemlerine-iliskin-bildirim-faiz-iceren
15.10.2025;09:23;Günlük Bülten (Deniz Yatırım);https://www.matriksdata.com/website/matriks-haberler/yorum/5985061-gunluk-bulten-deniz-yatirim
15.10.2025;09:22;Piyasa'dan Kısa Notlar (Başkent Menkul Değerler);https://www.matriksdata.com/website/matriks-haberler/yorum/5985060-piyasa-dan-kisa-notlar-baskent-menkul-degerler
15.10.2025;09:21;Günlük Bülten(Global Menkul Değerler);https://www.matriksdata.com/website/matriks-haberler/yorum/5985059-gunluk-bulten-global-menkul-degerler
15.10.2025;09:20;Günlük Bülten  (Colendi Menkul Değerler);https://www.matriksdata.com/website/matriks-haberler/yorum/5985058-gunluk-bulten-colendi-menkul-degerler
15.10.2025;09:20;Günlük Analiz Bülteni (InvestAZ Yatırım);https://www.matriksdata.com/website/matriks-haberler/yorum/5985057-gunluk-analiz-bulteni-investaz-yatirim
15.10.2025;09:19;KAP:   [OZYSR ] KAMUYU AYDINLATMA PLATFORMU  Pay Alım Satım Bildirimi;https://www.matriksdata.com/website/matriks-haberler/sirket/5985055-kap-ozysr-kamuyu-aydinlatma-platformu-pay-alim-satim-bildirimi
15.10.2025;09:18;KAP: BORLS  [ ] BORLEASE OTOMOTİV A.Ş.  Pay Dışında Sermaye Piyasası Aracı İşlemlerine İlişkin Bildirim (Faiz İçeren);https://www.matriksdata.com/website/matriks-haberler/sirket/5985052-kap-borls-borlease-otomotiv-a-s-pay-disinda-sermaye-piyasasi-araci-islemlerine-iliskin-bildirim-faiz-iceren
15.10.2025;09:17;Teknik Analiz Bülteni (Destek Yatırım);https://www.matriksdata.com/website/matriks-haberler/yorum/5985051-teknik-analiz-bulteni-destek-yatirim
15.10.2025;09:17;Ekos Teknoloji ve Elektrik, Cezayir'de yerleşik bir müşteri ile toplam 3.683.472 EUR tutarında sözleşme imzaladı;https://www.matriksdata.com/website/matriks-haberler/sirket/5985050-ekos-teknoloji-ve-elektrik-cezayir-de-yerlesik-bir-musteri-ile-toplam-3-683-472-eur-tutarinda-sozlesme-imzaladi
15.10.2025;09:17;KAP:   [YBTAS ] KAMUYU AYDINLATMA PLATFORMU  Pay Alım Satım Bildirimi;https://www.matriksdata.com/website/matriks-haberler/sirket/5985049-kap-ybtas-kamuyu-aydinlatma-platformu-pay-alim-satim-bildirimi
15.10.2025;09:16;Kısa Vadeli Hisse Önerileri (Destek Yatırım);https://www.matriksdata.com/website/matriks-haberler/yorum/5985048-kisa-vadeli-hisse-onerileri-destek-yatirim
15.10.2025;09:16;KAP: EKOS  [ ] EKOS TEKNOLOJİ VE ELEKTRİK A.Ş.  Yeni İş İlişkisi;https://www.matriksdata.com/website/matriks-haberler/sirket/5985047-kap-ekos-ekos-teknoloji-ve-elektrik-a-s-yeni-is-iliskisi
15.10.2025;09:16;BIST Günlük Bülten (İntegral Yatırım Menkul Değerler );https://www.matriksdata.com/website/matriks-haberler/yorum/5985046-bist-gunluk-bulten-integral-yatirim-menkul-degerler
15.10.2025;09:15;Teknik Bülten  (Kuveyt Türk Yatırım);https://www.matriksdata.com/website/matriks-haberler/yorum/5985045-teknik-bulten-kuveyt-turk-yatirim
15.10.2025;09:14;KAP:   [EBEBK ] KAMUYU AYDINLATMA PLATFORMU  Pay Alım Satım Bildirimi;https://www.matriksdata.com/website/matriks-haberler/sirket/5985044-kap-ebebk-kamuyu-aydinlatma-platformu-pay-alim-satim-bildirimi
15.10.2025;09:14;Günlük kripto bülteni (CoinTR);https://www.matriksdata.com/website/matriks-haberler/kripto-paralar/5985043-gunluk-kripto-bulteni-cointr
15.10.2025;09:14;Uluslararası piyasalar bülteni (QNB Invest);https://www.matriksdata.com/website/matriks-haberler/yorum/5985042-uluslararasi-piyasalar-bulteni-qnb-invest
15.10.2025;09:14;KAP: GRP  [ ] ONE PORTFÖY YÖNETİMİ A.Ş.  Şirket Genel Bilgi Formu;https://www.matriksdata.com/website/matriks-haberler/sirket/5985041-kap-grp-one-portfoy-yonetimi-a-s-sirket-genel-bilgi-formu
15.10.2025;09:13;Açığa Satış İşlem Hacmi  (İnfo Yatırım);https://www.matriksdata.com/website/matriks-haberler/yorum/5985040-aciga-satis-islem-hacmi-info-yatirim
15.10.2025;09:12;KAP:   [AKSA ] KAMUYU AYDINLATMA PLATFORMU  Pay Alım Satım Bildirimi;https://www.matriksdata.com/website/matriks-haberler/sirket/5985039-kap-aksa-kamuyu-aydinlatma-platformu-pay-alim-satim-bildirimi
15.10.2025;09:12;Fransa'nın 10 yıllık devlet tahvillerinin getirisi 1.7 baz puan düşüş ve %3.389 15 Ağustos'tan beri beri en düşük seviyeye geriledi;https://www.matriksdata.com/website/matriks-haberler/tahvil-bono/5985038-fransa-nin-10-yillik-devlet-tahvillerinin-getirisi-1-7-baz-puan-dusus-ve-3-389-15-agustos-tan-beri-beri-en-dusuk-seviyeye-geriledi
15.10.2025;09:11;CVK Maden İşletmeleri'nin  Maden Ocağı Kapasite Artışı, Cevher Zenginleştirme Tesisi ve Atık Depolama Tesisi Projesi ile İlgili ÇED Süreci Başadı;https://www.matriksdata.com/website/matriks-haberler/enerji/5985037-cvk-maden-isletmeleri-nin-maden-ocagi-kapasite-artisi-cevher-zenginlestirme-tesisi-ve-atik-depolama-tesisi-projesi-ile-ilgili-ced-sureci-basadi
15.10.2025;09:11;NATO Genel Sekreteri Rutte: Müttefikler Ukrayna için Öncelikli Ukrayna Gereksinimleri Listesi (PURL) kapsamında silah alımları için 2 milyar dolar taahhüt etti, diğer ülkelerin de bugün PURL'e katılmasını bekliyorum;https://www.matriksdata.com/website/matriks-haberler/siyasi/5985036-nato-genel-sekreteri-rutte-muttefikler-ukrayna-icin-oncelikli-ukrayna-gereksinimleri-listesi-purl-kapsaminda-silah-alimlari-icin-2-milyar-dolar-taahhut-etti-diger-ulkelerin-de-bugun-purl-e-katilmasini-bekliyorum
15.10.2025;09:11;KAP:   [ENTRA ] KAMUYU AYDINLATMA PLATFORMU  Pay Alım Satım Bildirimi;https://www.matriksdata.com/website/matriks-haberler/sirket/5985035-kap-entra-kamuyu-aydinlatma-platformu-pay-alim-satim-bildirimi
15.10.2025;09:10;Dolar/yen paritesi 7 Ekim'den beri ilk defa 151'in altına düştü;https://www.matriksdata.com/website/matriks-haberler/fx/5985034-dolar-yen-paritesi-7-ekim-den-beri-ilk-defa-151-in-altina-dustu
15.10.2025;09:10;Hisse Önerileri ve Günlük Bülten (PhillipCapital);https://www.matriksdata.com/website/matriks-haberler/yorum/5985033-hisse-onerileri-ve-gunluk-bulten-phillipcapital
15.10.2025;09:09;KAP: FNY QNBIN  [ ] QNB YATIRIM MENKUL DEĞERLER A.Ş.  Pay Dışında Sermaye Piyasası Aracı İşlemlerine İlişkin Bildirim (Faiz İçeren);https://www.matriksdata.com/website/matriks-haberler/sirket/5985032-kap-fny-qnbin-qnb-yatirim-menkul-degerler-a-s-pay-disinda-sermaye-piyasasi-araci-islemlerine-iliskin-bildirim-faiz-iceren
15.10.2025;09:08;VİOP Teknik Bülten  (Ata Yatırım);https://www.matriksdata.com/website/matriks-haberler/yorum/5985031-viop-teknik-bulten-ata-yatirim
15.10.2025;09:08;KAP:   [SUNTK ] KAMUYU AYDINLATMA PLATFORMU  Pay Alım Satım Bildirimi;https://www.matriksdata.com/website/matriks-haberler/sirket/5985030-kap-suntk-kamuyu-aydinlatma-platformu-pay-alim-satim-bildirimi
15.10.2025;09:08;Uluslararası Piyasalar Bülteni   (İnfo Yatırım);https://www.matriksdata.com/website/matriks-haberler/yorum/5985029-uluslararasi-piyasalar-bulteni-info-yatirim
15.10.2025;09:08;KAP:   [GLRYH GMTAS PHB PSGYO ] KAMUYU AYDINLATMA PLATFORMU  Kamuyu Aydınlatma Platformu Duyurusu;https://www.matriksdata.com/website/matriks-haberler/sirket/5985028-kap-glryh-gmtas-phb-psgyo-kamuyu-aydinlatma-platformu-kamuyu-aydinlatma-platformu-duyurusu
15.10.2025;09:07;Teknik Bülten (Şeker Yatırım);https://www.matriksdata.com/website/matriks-haberler/yorum/5985027-teknik-bulten-seker-yatirim
15.10.2025;09:06;KAP:   [ARSAN ] KAMUYU AYDINLATMA PLATFORMU  Pay Alım Satım Bildirimi;https://www.matriksdata.com/website/matriks-haberler/sirket/5985026-kap-arsan-kamuyu-aydinlatma-platformu-pay-alim-satim-bildirimi
15.10.2025;09:05;Günlük Bülten  (Kuveyt Türk Yatırım);https://www.matriksdata.com/website/matriks-haberler/yorum/5985023-gunluk-bulten-kuveyt-turk-yatirim
15.10.2025;09:04;Viop Bülten (Şeker Yatırım);https://www.matriksdata.com/website/matriks-haberler/yorum/5985022-viop-bulten-seker-yatirim
15.10.2025;09:04;Norveç Hükümeti: Norveç Hükümeti global ekonomideki belirsizliğe rağmen iyi performans gösteriyor;https://www.matriksdata.com/website/matriks-haberler/dis-ekonomi/5985021-norvec-hukumeti-norvec-hukumeti-global-ekonomideki-belirsizlige-ragmen-iyi-performans-gosteriyor
15.10.2025;09:03;Günlük Bülten (ICBC Yatırım);https://www.matriksdata.com/website/matriks-haberler/yorum/5985020-gunluk-bulten-icbc-yatirim
15.10.2025;09:03;Putin, Suriye Devlet Başkanı Ahmed El-Şara ile bugün bir araya gelecek - IFX;https://www.matriksdata.com/website/matriks-haberler/siyasi/5985018-putin-suriye-devlet-baskani-ahmed-el-sara-ile-bugun-bir-araya-gelecek-ifx
15.10.2025;09:03;Norveç Hükümeti, gelecek yıl GSYİH'nın %2.1 büyümesini bekliyor (Mayıs tahmin:%+1.6);https://www.matriksdata.com/website/matriks-haberler/dis-ekonomi/5985017-norvec-hukumeti-gelecek-yil-gsyih-nin-2-1-buyumesini-bekliyor-mayis-tahmin-1-6
15.10.2025;09:02;Norveç Hükümeti, bu yıl GSYİH'nın %2.0 büyümesini bekliyor (Mayıs tahmin:%+1.8);https://www.matriksdata.com/website/matriks-haberler/dis-ekonomi/5985016-norvec-hukumeti-bu-yil-gsyih-nin-2-0-buyumesini-bekliyor-mayis-tahmin-1-8
15.10.2025;09:02;Sigorta Sektörü Raporu (Marbaş Menkul Değerler );https://www.matriksdata.com/website/matriks-haberler/yorum/5985015-sigorta-sektoru-raporu-marbas-menkul-degerler
15.10.2025;09:01;KAP: TBY TEBYT  [BNPPI ] TEB YATIRIM MENKUL DEĞERLER A.Ş.  Yatırım Kuruluşu Varant / Sertifika / Senetlerine İlişkin Bildirim;https://www.matriksdata.com/website/matriks-haberler/sirket/5985014-kap-tby-tebyt-bnppi-teb-yatirim-menkul-degerler-a-s-yatirim-kurulusu-varant-sertifika-senetlerine-iliskin-bildirim
15.10.2025;09:00;İsveç'te Eylül ayı TÜFE yıllık %+0.9 (Beklenti: +0.9% önceki:+0.9%);https://www.matriksdata.com/website/matriks-haberler/dis-ekonomi/5985010-isvec-te-eylul-ayi-tufe-yillik-0-9-beklenti-0-9-onceki-0-9
15.10.2025;09:00;ABD dolarının zayıflığının ardında ABD kurumlarına güvenin kaybolması var - VP Bank;https://www.matriksdata.com/website/matriks-haberler/fx/5985009-abd-dolarinin-zayifliginin-ardinda-abd-kurumlarina-guvenin-kaybolmasi-var-vp-bank
15.10.2025;09:00;İsveç'te Eylül ayı TÜFE aylık %0.0 (Beklenti: +0.0% önceki: +0.0%);https://www.matriksdata.com/website/matriks-haberler/dis-ekonomi/5985008-isvec-te-eylul-ayi-tufe-aylik-0-0-beklenti-0-0-onceki-0-0
15.10.2025;08:59;Sabah Stratejisi  (Ziraat Yatırım);https://www.matriksdata.com/website/matriks-haberler/yorum/5985007-sabah-stratejisi-ziraat-yatirim
15.10.2025;08:59;BIST-100 ve Yıldız Pazar Teknik Göstergeleri (Gedik Yatırım);https://www.matriksdata.com/website/matriks-haberler/yorum/5985006-bist-100-ve-yildiz-pazar-teknik-gostergeleri-gedik-yatirim
15.10.2025;08:58;Günlük Öneri, Destek Direnç Tablosu ve Yabancı Takas Raporu  (Gedik Yatırım);https://www.matriksdata.com/website/matriks-haberler/yorum/5985005-gunluk-oneri-destek-direnc-tablosu-ve-yabanci-takas-raporu-gedik-yatirim
15.10.2025;08:57;Günlük Bülten  (Gedik Yatırım);https://www.matriksdata.com/website/matriks-haberler/yorum/5985004-gunluk-bulten-gedik-yatirim
15.10.2025;08:56;BIST100 Teknik Bülten  (Ata Yatırım);https://www.matriksdata.com/website/matriks-haberler/yorum/5985003-bist100-teknik-bulten-ata-yatirim
15.10.2025;08:56;Günlük Bülten (Tera Yatırım );https://www.matriksdata.com/website/matriks-haberler/yorum/5985002-gunluk-bulten-tera-yatirim
15.10.2025;08:55;Çin, deflasyon eğilimine rağmen para politikasını gevşetmekte acele etmeyebilir - ING;https://www.matriksdata.com/website/matriks-haberler/fx/5985001-cin-deflasyon-egilimine-ragmen-para-politikasini-gevsetmekte-acele-etmeyebilir-ing
15.10.2025;08:54;Günlük Bülten (Destek Yatırım);https://www.matriksdata.com/website/matriks-haberler/yorum/5985000-gunluk-bulten-destek-yatirim
15.10.2025;08:53;VİOP Bülten (InvestAZ Yatırım);https://www.matriksdata.com/website/matriks-haberler/yorum/5984999-viop-bulten-investaz-yatirim
15.10.2025;08:53;Yuan'ın direnci, ABD tarife risklerine rağmen sürecek - Goldman Sachs;https://www.matriksdata.com/website/matriks-haberler/fx/5984998-yuan-in-direnci-abd-tarife-risklerine-ragmen-surecek-goldman-sachs
15.10.2025;08:52;FX Bülten (InvestAZ Yatırım);https://www.matriksdata.com/website/matriks-haberler/yorum/5984997-fx-bulten-investaz-yatirim
15.10.2025;08:51;Günlük bülten (Yapı Kredi Bankası);https://www.matriksdata.com/website/matriks-haberler/yorum/5984996-gunluk-bulten-yapi-kredi-bankasi
15.10.2025;08:50;Odine, G.Afrika'lı mobil operatör Cell C ile, yapay zekâ destekli kesintisiz bağlantı teknolojilerinin geliştirilmesi ve bu teknolojilerin müşteri gereksinimlerine uygunluğunun test edilmesine yönelik çalışma yürütülmesi konusunda mutabakata vardı;https://www.matriksdata.com/website/matriks-haberler/sirket/5984995-odine-g-afrika-li-mobil-operator-cell-c-ile-yapay-zek-destekli-kesintisiz-baglanti-teknolojilerinin-gelistirilmesi-ve-bu-teknolojilerin-musteri-gereksinimlerine-uygunlugunun-test-edilmesine-yonelik-calisma-yurutulmesi-konusunda-mutabakata-vardi
15.10.2025;08:49;Sabah Bülteni (TFG Istanbul Menkul Değerler );https://www.matriksdata.com/website/matriks-haberler/yorum/5984994-sabah-bulteni-tfg-istanbul-menkul-degerler
15.10.2025;08:48;KAP: ODINE  [ ] ODİNE SOLUTİONS TEKNOLOJİ TİCARET VE SANAYİ A.Ş.  Yeni İş İlişkisi;https://www.matriksdata.com/website/matriks-haberler/sirket/5984993-kap-odine-odine-solutions-teknoloji-ticaret-ve-sanayi-a-s-yeni-is-iliskisi
15.10.2025;08:47;Teknik bülten (İş Yatırım);https://www.matriksdata.com/website/matriks-haberler/yorum/5984992-teknik-bulten-is-yatirim
15.10.2025;08:42;Günlük Bülten (Halk Yatırım);https://www.matriksdata.com/website/matriks-haberler/yorum/5984991-gunluk-bulten-halk-yatirim
15.10.2025;08:38;Yurt İçi Günlük Bülten (Ikon Menkul);https://www.matriksdata.com/website/matriks-haberler/fx/5984987-yurt-ici-gunluk-bulten-ikon-menkul
15.10.2025;08:37;Günlük Bülten  (NCM Investment);https://www.matriksdata.com/website/matriks-haberler/yorum/5984986-gunluk-bulten-ncm-investment
15.10.2025;08:37;Günlük yabancı oranları (İş Yatırım);https://www.matriksdata.com/website/matriks-haberler/yorum/5984985-gunluk-yabanci-oranlari-is-yatirim
15.10.2025;08:37;VİOP Günlük Bülten (Gedik Yatırım);https://www.matriksdata.com/website/matriks-haberler/yorum/5984984-viop-gunluk-bulten-gedik-yatirim
15.10.2025;08:36;Apple, Çin’e olan üretim bağımlılığını azaltmak amacıyla Vietnam’daki üretim faaliyetlerini genişletmeye hazırlanıyor;https://www.matriksdata.com/website/matriks-haberler/sirket/5984983-apple-cin-e-olan-uretim-bagimliligini-azaltmak-amaciyla-vietnam-daki-uretim-faaliyetlerini-genisletmeye-hazirlaniyor
15.10.2025;08:34;Japonya'nın 30 yıllık devlet tahvillerinin getirisi 5.5 baz puan düşüşle %3.170;https://www.matriksdata.com/website/matriks-haberler/tahvil-bono/5984981-japonya-nin-30-yillik-devlet-tahvillerinin-getirisi-5-5-baz-puan-dususle-3-170
15.10.2025;08:33;Günlük Hisse Önerileri (Alternatif Menkul Değerler);https://www.matriksdata.com/website/matriks-haberler/yorum/5984980-gunluk-hisse-onerileri-alternatif-menkul-degerler
15.10.2025;08:33;Eurostoxx 50 vadeli işlemlerinde artış devam ediyor: %+1.26, Dax %+0.44, FTSE %+0.43;https://www.matriksdata.com/website/matriks-haberler/dis-ekonomi/5984979-eurostoxx-50-vadeli-islemlerinde-artis-devam-ediyor-1-26-dax-0-44-ftse-0-43
15.10.2025;08:32;Günlük Bülten  (A1 Capital);https://www.matriksdata.com/website/matriks-haberler/yorum/5984978-gunluk-bulten-a1-capital
15.10.2025;08:31;Holding Bülteni (Marbaş Menkul Değerler );https://www.matriksdata.com/website/matriks-haberler/yorum/5984977-holding-bulteni-marbas-menkul-degerler
15.10.2025;08:31;Nasdaq vadeli işlemlerinde yükseliş devam ediyor %+0.6, S&P 500 %+0.4;https://www.matriksdata.com/website/matriks-haberler/dis-ekonomi/5984976-nasdaq-vadeli-islemlerinde-yukselis-devam-ediyor-0-6-s-p-500-0-4
15.10.2025;08:29;KAP: ALVES  [ ] ALVES KABLO SANAYİ VE TİCARET A.Ş.  Pay Dışında Sermaye Piyasası Aracı İşlemlerine İlişkin Bildirim (Faiz İçeren);https://www.matriksdata.com/website/matriks-haberler/sirket/5984975-kap-alves-alves-kablo-sanayi-ve-ticaret-a-s-pay-disinda-sermaye-piyasasi-araci-islemlerine-iliskin-bildirim-faiz-iceren
15.10.2025;08:28;JPMorgan CEO'su Dimon, mevcut piyasa ortamında altın tutmanın mantıklı olduğunu söyledi;https://www.matriksdata.com/website/matriks-haberler/metal/5984974-jpmorgan-ceo-su-dimon-mevcut-piyasa-ortaminda-altin-tutmanin-mantikli-oldugunu-soyledi
15.10.2025;08:24;Deutsche Bank Avrupa borsalarını ABD'ye karşı yükseltti, %12-16 artış imkanı öngörüyor;https://www.matriksdata.com/website/matriks-haberler/dis-ekonomi/5984973-deutsche-bank-avrupa-borsalarini-abd-ye-karsi-yukseltti-12-16-artis-imkani-ongoruyor
15.10.2025;08:23;ASML, Çin'den gelen talepte önemli bir düşüş bekliyor, üçüncü çeyrek rezervasyonları tahminlerin üzerinde;https://www.matriksdata.com/website/matriks-haberler/sirket/5984972-asml-cin-den-gelen-talepte-onemli-bir-dusus-bekliyor-ucuncu-ceyrek-rezervasyonlari-tahminlerin-uzerinde
15.10.2025;08:22;Piyasalarda Bugün (QNB Invest);https://www.matriksdata.com/website/matriks-haberler/yorum/5984971-piyasalarda-bugun-qnb-invest
15.10.2025;08:19;Günlük açığa satış bilgileri (İş Yatırım);https://www.matriksdata.com/website/matriks-haberler/yorum/5984969-gunluk-aciga-satis-bilgileri-is-yatirim
15.10.2025;08:18;ABD tatil alışverişi sezonunda büyüme beklentileri, tüketicilerin temkinli olması yüzünden durgun;https://www.matriksdata.com/website/matriks-haberler/dis-ekonomi/5984968-abd-tatil-alisverisi-sezonunda-buyume-beklentileri-tuketicilerin-temkinli-olmasi-yuzunden-durgun
15.10.2025;08:14;IMF Başkanı: Trump tarifelerine misilleme yapılmaması küresel büyümeyi destekliyor;https://www.matriksdata.com/website/matriks-haberler/dis-ekonomi/5984967-imf-baskani-trump-tarifelerine-misilleme-yapilmamasi-kuresel-buyumeyi-destekliyor
15.10.2025;08:09;İngiltere Maliye Bakanı Rachel Reeves: Bütçede hem vergi artışlarına hem de harcama indirimlerine bakıyorum - Sky News;https://www.matriksdata.com/website/matriks-haberler/dis-ekonomi/5984965-ingiltere-maliye-bakani-rachel-reeves-butcede-hem-vergi-artislarina-hem-de-harcama-indirimlerine-bakiyorum-sky-news
15.10.2025;08:09;Coinbase, Hindistan'daki kripto para borsası CoinDCX'e 2,45 milyar dolar değerlemeyle yatırım yaptı;https://www.matriksdata.com/website/matriks-haberler/kripto-paralar/5984964-coinbase-hindistan-daki-kripto-para-borsasi-coindcx-e-2-45-milyar-dolar-degerlemeyle-yatirim-yapti
15.10.2025;08:05;İngiltere’de faaliyet gösteren şirketler diğer ülkelere kıyasla çok daha yüksek oranda geç ödemelere maruz kalıyor - Coface 2025 İngiltere Ödeme Anketi;https://www.matriksdata.com/website/matriks-haberler/dis-ekonomi/5984960-ingiltere-de-faaliyet-gosteren-sirketler-diger-ulkelere-kiyasla-cok-daha-yuksek-oranda-gec-odemelere-maruz-kaliyor-coface-2025-ingiltere-odeme-anketi
15.10.2025;08:04;Günlük bülten (İnfo Yatırım);https://www.matriksdata.com/website/matriks-haberler/yorum/5984959-gunluk-bulten-info-yatirim
15.10.2025;08:03;Teknik bülten (Ziraat Yatırım);https://www.matriksdata.com/website/matriks-haberler/yorum/5984958-teknik-bulten-ziraat-yatirim
15.10.2025;08:02;Yurt dışı piyasalar (Ünlü Menkul);https://www.matriksdata.com/website/matriks-haberler/yorum/5984957-yurt-disi-piyasalar-unlu-menkul
15.10.2025;08:02;Avustralya Merkez Bankası, yüksek enflasyon ve daha yavaş verimlilik artışı Uyarısı  yaptı;https://www.matriksdata.com/website/matriks-haberler/fx/5984956-avustralya-merkez-bankasi-yuksek-enflasyon-ve-daha-yavas-verimlilik-artisi-uyarisi-yapti
15.10.2025;08:00;Günlük bülten (Marbaş Menkul Değerler );https://www.matriksdata.com/website/matriks-haberler/yorum/5984955-gunluk-bulten-marbas-menkul-degerler
15.10.2025;07:59;Standard Chartered euronun 2026 ortalarına kadar 1.13 dolara düşmesini, faiz indirimleri ve büyümede zorluklar bekliyor;https://www.matriksdata.com/website/matriks-haberler/fx/5984953-standard-chartered-euronun-2026-ortalarina-kadar-1-13-dolara-dusmesini-faiz-indirimleri-ve-buyumede-zorluklar-bekliyor
15.10.2025;07:58;Sabah bülteni (Ikon Menkul);https://www.matriksdata.com/website/matriks-haberler/fx/5984952-sabah-bulteni-ikon-menkul
15.10.2025;07:56;ABD ve İngiltere, Kamboçya merkezli siber dolandırıcılık operasyonunda 15 milyar dolarlık Bitcoin'e el koydu;https://www.matriksdata.com/website/matriks-haberler/kripto-paralar/5984951-abd-ve-ingiltere-kambocya-merkezli-siber-dolandiricilik-operasyonunda-15-milyar-dolarlik-bitcoin-e-el-koydu
15.10.2025;07:54;Günlük bülten (Alnus Yatırım);https://www.matriksdata.com/website/matriks-haberler/yorum/5984949-gunluk-bulten-alnus-yatirim
15.10.2025;07:54;Yeni Zelanda Merkez Bankası ek faiz indirimlerine açık olduğuna dair sinyal veriyor;https://www.matriksdata.com/website/matriks-haberler/fx/5984947-yeni-zelanda-merkez-bankasi-ek-faiz-indirimlerine-acik-olduguna-dair-sinyal-veriyor
15.10.2025;07:52;BIST 30 dip ve zirve analizi (İnfo Yatırım);https://www.matriksdata.com/website/matriks-haberler/yorum/5984945-bist-30-dip-ve-zirve-analizi-info-yatirim
15.10.2025;07:49;LVMH satışları, Çin talebi iyileşirken tekrar büyümeye döndü;https://www.matriksdata.com/website/matriks-haberler/sirket/5984944-lvmh-satislari-cin-talebi-iyilesirken-tekrar-buyumeye-dondu
15.10.2025;07:46;USDJPY analizi (Ikon Menkul);https://www.matriksdata.com/website/matriks-haberler/fx/5984943-usdjpy-analizi-ikon-menkul
15.10.2025;07:46;OpenAI, 1 trilyon dolarlık harcama taahhütlerini karşılamak için beş yıllık plan hazırlıyor – FT;https://www.matriksdata.com/website/matriks-haberler/sirket/5984940-openai-1-trilyon-dolarlik-harcama-taahhutlerini-karsilamak-icin-bes-yillik-plan-hazirliyor-ft
15.10.2025;07:45;Amazon, yeni bir işten çıkarma dalgası planlıyor;https://www.matriksdata.com/website/matriks-haberler/dis-ekonomi/5984938-amazon-yeni-bir-isten-cikarma-dalgasi-planliyor
15.10.2025;07:43;Sektörel göstergeler  (İnfo Yatırım);https://www.matriksdata.com/website/matriks-haberler/yorum/5984935-sektorel-gostergeler-info-yatirim
15.10.2025;07:42;Trump, Milei kaybederse ABD'nin Arjantin'e yardım ederek zaman kaybetmeyeceğini söyledi;https://www.matriksdata.com/website/matriks-haberler/gelismekte-olan-ulkeler/5984934-trump-milei-kaybederse-abd-nin-arjantin-e-yardim-ederek-zaman-kaybetmeyecegini-soyledi
15.10.2025;07:40;EURUSD analizi (Ikon Menkul);https://www.matriksdata.com/website/matriks-haberler/fx/5984933-eurusd-analizi-ikon-menkul
15.10.2025;07:39;Petrol fiyatları, piyasanın arz fazlasına ve ABD-Çin ticaret gerilimlerine odaklanmasıyla geriledi;https://www.matriksdata.com/website/matriks-haberler/enerji/5984932-petrol-fiyatlari-piyasanin-arz-fazlasina-ve-abd-cin-ticaret-gerilimlerine-odaklanmasiyla-geriledi
15.10.2025;07:37;İsviçre Mahkemesi, 20 milyar dolarlık Credit Suisse tahvil iptalinin yasa dışı olduğuna karar verdi;https://www.matriksdata.com/website/matriks-haberler/sirket/5984931-isvicre-mahkemesi-20-milyar-dolarlik-credit-suisse-tahvil-iptalinin-yasa-disi-olduguna-karar-verdi
15.10.2025;07:35;Altın, Fed’in faiz indirimi beklentileri ve ABD-Çin ticaret gerilimiyle rekorlara devam ediyor;https://www.matriksdata.com/website/matriks-haberler/metal/5984930-altin-fed-in-faiz-indirimi-beklentileri-ve-abd-cin-ticaret-gerilimiyle-rekorlara-devam-ediyor
15.10.2025;07:34;Japonya'da Nikkei endeksinde artış sürüyor, en son %1.5 artışla 47,561.40 puanda;https://www.matriksdata.com/website/matriks-haberler/dis-ekonomi/5984928-japonya-da-nikkei-endeksinde-artis-suruyor-en-son-1-5-artisla-47-561-40-puanda
15.10.2025;07:33;Altın analizi (Ikon Menkul);https://www.matriksdata.com/website/matriks-haberler/metal/5984927-altin-analizi-ikon-menkul
15.10.2025;07:31;Japonya'da Ağustos ayı revize MD kapasite kullanım oranı -2.3% (önceki: -1.1%);https://www.matriksdata.com/website/matriks-haberler/dis-ekonomi/5984926-japonya-da-agustos-ayi-revize-md-kapasite-kullanim-orani-2-3-onceki-1-1
15.10.2025;07:31;Japonya'da Ağustos ayı revize MD yıllık sanayi üretimi %-1.6  (önceki: -0.4%);https://www.matriksdata.com/website/matriks-haberler/dis-ekonomi/5984925-japonya-da-agustos-ayi-revize-md-yillik-sanayi-uretimi-1-6-onceki-0-4
15.10.2025;07:31;Japonya'da Ağustos ayı revize MD aylık sanayi üretimi -1.5% (önceki: -1.2%);https://www.matriksdata.com/website/matriks-haberler/dis-ekonomi/5984924-japonya-da-agustos-ayi-revize-md-aylik-sanayi-uretimi-1-5-onceki-1-2
15.10.2025;07:30;Stellantis, Amerika Birleşik Devletleri'ne 13 milyar dolar yatırım yapacak;https://www.matriksdata.com/website/matriks-haberler/sirket/5984922-stellantis-amerika-birlesik-devletleri-ne-13-milyar-dolar-yatirim-yapacak
15.10.2025;07:28;Global elektrikli araç satışları Eylül ayında rekor kırarak 2.1 milyona ulaştı;https://www.matriksdata.com/website/matriks-haberler/dis-ekonomi/5984921-global-elektrikli-arac-satislari-eylul-ayinda-rekor-kirarak-2-1-milyona-ulasti
15.10.2025;07:26;VİOP teknik bülteni  (A1 Capital);https://www.matriksdata.com/website/matriks-haberler/yorum/5984920-viop-teknik-bulteni-a1-capital
15.10.2025;07:25;Brent analizi (Ikon Menkul);https://www.matriksdata.com/website/matriks-haberler/enerji/5984919-brent-analizi-ikon-menkul
15.10.2025;07:23;ABD/Greer: APEC Zirvesi'nde Trump-Şi görüşmesi planı değişmedi;https://www.matriksdata.com/website/matriks-haberler/dis-ekonomi/5984918-abd-greer-apec-zirvesi-nde-trump-si-gorusmesi-plani-degismedi
15.10.2025;07:22;Japonya parlamento komitesi 21 Ekim'deki başbakan seçimi oylaması konusunda anlaşamadı-Kyodo;https://www.matriksdata.com/website/matriks-haberler/dis-ekonomi/5984917-japonya-parlamento-komitesi-21-ekim-deki-basbakan-secimi-oylamasi-konusunda-anlasamadi-kyodo
15.10.2025;07:20;ABD Ticaret Temsilcisi Greer: ABD'nin gümrük tarifelerinin artışı Çin'in eylemlerine bağlı;https://www.matriksdata.com/website/matriks-haberler/dis-ekonomi/5984916-abd-ticaret-temsilcisi-greer-abd-nin-gumruk-tarifelerinin-artisi-cin-in-eylemlerine-bagli
15.10.2025;07:18;BİST günlük teknik analiz (Yapı Kredi Yatırım);https://www.matriksdata.com/website/matriks-haberler/yorum/5984915-bist-gunluk-teknik-analiz-yapi-kredi-yatirim
15.10.2025;07:18;S&P, Yeni Zelanda'nın kredi notlarını teyit etti;https://www.matriksdata.com/website/matriks-haberler/dis-ekonomi/5984914-s-p-yeni-zelanda-nin-kredi-notlarini-teyit-etti
15.10.2025;07:17;BİST100 teknik bülten (A1 Capital);https://www.matriksdata.com/website/matriks-haberler/yorum/5984913-bist100-teknik-bulten-a1-capital
15.10.2025;07:16;Çin’de tüketici fiyatları beklenenden daha fazla geriledi;https://www.matriksdata.com/website/matriks-haberler/dis-ekonomi/5984911-cin-de-tuketici-fiyatlari-beklenenden-daha-fazla-geriledi
15.10.2025;07:15;Teknik bülten (İnfo Yatırım);https://www.matriksdata.com/website/matriks-haberler/yorum/5984909-teknik-bulten-info-yatirim
15.10.2025;07:13;ECB/Makhlouf: Enflasyon ECB'nin hedefine döndü, faizler uygun seviyede;https://www.matriksdata.com/website/matriks-haberler/dis-ekonomi/5984908-ecb-makhlouf-enflasyon-ecb-nin-hedefine-dondu-faizler-uygun-seviyede
15.10.2025;07:12;VİOP - BİST 30 teknik analiz (Yapı Kredi Yatırım);https://www.matriksdata.com/website/matriks-haberler/yorum/5984906-viop-bist-30-teknik-analiz-yapi-kredi-yatirim
15.10.2025;07:10;Günlük bülten (Ünlü Menkul);https://www.matriksdata.com/website/matriks-haberler/yorum/5984904-gunluk-bulten-unlu-menkul
15.10.2025;07:08;Fed Başkanı Powell: Ekonomi daha sağlam zeminde olabilir, ancak işgücü piyasası zayıf;https://www.matriksdata.com/website/matriks-haberler/dis-ekonomi/5984903-fed-baskani-powell-ekonomi-daha-saglam-zeminde-olabilir-ancak-isgucu-piyasasi-zayif
15.10.2025;07:08;Analitik bülten (A1 Capital);https://www.matriksdata.com/website/matriks-haberler/yorum/5984902-analitik-bulten-a1-capital
15.10.2025;07:07;ECB/Villeroy: ECB’nin bir sonraki adımı artıştan çok indirim olabilir;https://www.matriksdata.com/website/matriks-haberler/dis-ekonomi/5984901-ecb-villeroy-ecb-nin-bir-sonraki-adimi-artistan-cok-indirim-olabilir
15.10.2025;07:04;Destekler ve dirençler  (İnfo Yatırım);https://www.matriksdata.com/website/matriks-haberler/yorum/5984900-destekler-ve-direncler-info-yatirim
15.10.2025;07:02;Fed/Collins: İşgücü piyasasını desteklemek için ek faiz indirimleri hala gerekli;https://www.matriksdata.com/website/matriks-haberler/dis-ekonomi/5984899-fed-collins-isgucu-piyasasini-desteklemek-icin-ek-faiz-indirimleri-hala-gerekli
15.10.2025;06:59;Çin'de Eylül ayı gıda dışı TÜFE yıllık +0.7%;https://www.matriksdata.com/website/matriks-haberler/dis-ekonomi/5984896-cin-de-eylul-ayi-gida-disi-tufe-yillik-0-7
15.10.2025;06:59;Çin'de Eylül ayı gıda TÜFE yıllık -4.4%;https://www.matriksdata.com/website/matriks-haberler/dis-ekonomi/5984895-cin-de-eylul-ayi-gida-tufe-yillik-4-4
15.10.2025;06:59;Çin'de Eylül ayı ÜFE aylık 0.0%;https://www.matriksdata.com/website/matriks-haberler/dis-ekonomi/5984894-cin-de-eylul-ayi-ufe-aylik-0-0
15.10.2025;06:59;Çin'de Eylül ayı TÜFE aylık +0.1% (Beklenti: +0.2%, önceki: 0.0%);https://www.matriksdata.com/website/matriks-haberler/dis-ekonomi/5984893-cin-de-eylul-ayi-tufe-aylik-0-1-beklenti-0-2-onceki-0-0
15.10.2025;06:59;Çin'de Eylül ayı TÜFE yıllık -0.3% (Beklenti: -0.2%, önceki: -0.4%);https://www.matriksdata.com/website/matriks-haberler/dis-ekonomi/5984892-cin-de-eylul-ayi-tufe-yillik-0-3-beklenti-0-2-onceki-0-4
15.10.2025;06:59;Çin'de Eylül ayı ÜFE yıllık -2.3% (Beklenti: -2.3%, önceki: -2.9%);https://www.matriksdata.com/website/matriks-haberler/dis-ekonomi/5984891-cin-de-eylul-ayi-ufe-yillik-2-3-beklenti-2-3-onceki-2-9
15.10.2025;06:59;Uluslararası iyasalar kapanış raporu (İş Yatırım);https://www.matriksdata.com/website/matriks-haberler/yorum/5984890-uluslararasi-iyasalar-kapanis-raporu-is-yatirim
15.10.2025;06:59;Özelleştirme İdaresi Başkanlığı, 11 taşınmaz satışı için ihale açtı;https://www.matriksdata.com/website/matriks-haberler/ekonomi/5984888-ozellestirme-idaresi-baskanligi-11-tasinmaz-satisi-icin-ihale-acti
15.10.2025;06:59;"EPDK, ""Enerji Piyasalarında ve Çevresel Piyasalarda Şeffaflığa ve Piyasa Bozucu Davranışlara İlişkin Yönetmelik"" taslağı hazırladı";https://www.matriksdata.com/website/matriks-haberler/enerji/5984887-epdk-enerji-piyasalarinda-ve-cevresel-piyasalarda-seffafliga-ve-piyasa-bozucu-davranislara-iliskin-yonetmelik-taslagi-hazirladi
15.10.2025;06:59;Yerli Malı Tebliği'nde değişiklik yapıldı;https://www.matriksdata.com/website/matriks-haberler/ekonomi/5984886-yerli-mali-tebligi-nde-degisiklik-yapildi
15.10.2025;06:59;Tera Yatırım Teknoloji Holding, tatilsepeti.com paylarının devralınmasına yönelik görüşmelere başladı;https://www.matriksdata.com/website/matriks-haberler/sirket/5984885-tera-yatirim-teknoloji-holding-tatilsepeti-com-paylarinin-devralinmasina-yonelik-gorusmelere-basladi
15.10.2025;06:59;GSD Holding, Japonya'da inşa edilecek bir adet ultramax tipi kuru yük gemisi alımı konusunda niyet mektubu imzaladı;https://www.matriksdata.com/website/matriks-haberler/sirket/5984884-gsd-holding-japonya-da-insa-edilecek-bir-adet-ultramax-tipi-kuru-yuk-gemisi-alimi-konusunda-niyet-mektubu-imzaladi
15.10.2025;06:59;VBTS kapsamında ARTMS.E ve BLCYT.E payları seans başından 14 Kasım seans sonuna kadar açığa satışa ve kredili işlemlere konu edilemeyecek;https://www.matriksdata.com/website/matriks-haberler/sirket/5984883-vbts-kapsaminda-artms-e-ve-blcyt-e-paylari-seans-basindan-14-kasim-seans-sonuna-kadar-aciga-satisa-ve-kredili-islemlere-konu-edilemeyecek
15.10.2025;06:59;VBTS kapsamında ENSRI.E paylarında seans başından 14 Kasım seans sonuna kadar brüt takas uygulanacak;https://www.matriksdata.com/website/matriks-haberler/sirket/5984882-vbts-kapsaminda-ensri-e-paylarinda-seans-basindan-14-kasim-seans-sonuna-kadar-brut-takas-uygulanacak
15.10.2025;06:58;Marmara’nın doğusu, Batı Karadeniz ve Doğu Karadeniz'in iç kesimlerinin yüksek kesimlerinin yağışlı, diğer yerlerin az bulutlu ve açık geçeceği tahmin ediliyor;https://www.matriksdata.com/website/matriks-haberler/enerji/5984881-marmara-nin-dogusu-bati-karadeniz-ve-dogu-karadeniz-in-ic-kesimlerinin-yuksek-kesimlerinin-yagisli-diger-yerlerin-az-bulutlu-ve-acik-gececegi-tahmin-ediliyor
15.10.2025;06:58;Resmi Gazete başlıkları - 15 Ekim;https://www.matriksdata.com/website/matriks-haberler/ekonomi/5984880-resmi-gazete-basliklari-15-ekim
15.10.2025;06:58;TÜRİB günlük bülteni (Tablo);https://www.matriksdata.com/website/matriks-haberler/emtia/5984878-turib-gunluk-bulteni-tablo
15.10.2025;06:58;Borçlanma senetleri ve kira sertifikalarının tip ve vadeler itibariyla gösterge niteliğindeki günlük değerleri;https://www.matriksdata.com/website/matriks-haberler/tahvil-bono/5984877-borclanma-senetleri-ve-kira-sertifikalarinin-tip-ve-vadeler-itibariyla-gosterge-niteligindeki-gunluk-degerleri
15.10.2025;06:58;Para piyasaları nakit akış tablosu;https://www.matriksdata.com/website/matriks-haberler/ekonomi/5984876-para-piyasalari-nakit-akis-tablosu
15.10.2025;06:58;BİST'de işlem gören şirketlerin genel kurul tarihleri (Tablo);https://www.matriksdata.com/website/matriks-haberler/genel/5984874-bist-de-islem-goren-sirketlerin-genel-kurul-tarihleri-tablo
15.10.2025;06:58;BİST şirketlerinin 2025 yılı 9 aylık dönem finansal sonuçları açıklama tarihleri (Tablo);https://www.matriksdata.com/website/matriks-haberler/dis-ekonomi/5984873-bist-sirketlerinin-2025-yili-9-aylik-donem-finansal-sonuclari-aciklama-tarihleri-tablo
15.10.2025;06:58;Bankalar serbest mevduatı ve gün başı toplam likidite (Tablo);https://www.matriksdata.com/website/matriks-haberler/ekonomi/5984872-bankalar-serbest-mevduati-ve-gun-basi-toplam-likidite-tablo
15.10.2025;06:58;TCMB ağırlıklı ortalama fonlama maliyeti (tablo);https://www.matriksdata.com/website/matriks-haberler/ekonomi/5984871-tcmb-agirlikli-ortalama-fonlama-maliyeti-tablo
15.10.2025;06:58;TCMB net fonlaması verileri (tablo);https://www.matriksdata.com/website/matriks-haberler/ekonomi/5984870-tcmb-net-fonlamasi-verileri-tablo
15.10.2025;06:58;Türkiye'nin seçilmiş ekonomik göstergeleri;https://www.matriksdata.com/website/matriks-haberler/ekonomi/5984869-turkiye-nin-secilmis-ekonomik-gostergeleri
15.10.2025;06:58;Bankalarca 1 yıla kadar vadeli TL mevduatlara uygulanan ağırlıklı ortalama faiz oranları;https://www.matriksdata.com/website/matriks-haberler/kripto-paralar/5984868-bankalarca-1-yila-kadar-vadeli-tl-mevduatlara-uygulanan-agirlikli-ortalama-faiz-oranlari
15.10.2025;06:58;Bankalarca açılan tuketici kredilerine uygulanan ağırlıklı ortalama faiz oranları;https://www.matriksdata.com/website/matriks-haberler/ekonomi/5984867-bankalarca-acilan-tuketici-kredilerine-uygulanan-agirlikli-ortalama-faiz-oranlari
15.10.2025;06:58;Bankalarca açılan ihtiyaç kredilerine uygulanan ağırlıklı ortalama faiz oranları;https://www.matriksdata.com/website/matriks-haberler/ekonomi/5984866-bankalarca-acilan-ihtiyac-kredilerine-uygulanan-agirlikli-ortalama-faiz-oranlari
15.10.2025;06:58;Bankalarca açılan ticari kredilere uygulanan ağırlıklı ortalama faiz oranları;https://www.matriksdata.com/website/matriks-haberler/ekonomi/5984865-bankalarca-acilan-ticari-kredilere-uygulanan-agirlikli-ortalama-faiz-oranlari
15.10.2025;06:58;Hazine ve Maliye Bakanlığı'nın uluslararası sermaye piyasalarında gerçekleştirdiği tahvil ve sukuk ihraçları- (Tablo);https://www.matriksdata.com/website/matriks-haberler/tahvil-bono/5984864-hazine-ve-maliye-bakanligi-nin-uluslararasi-sermaye-piyasalarinda-gerceklestirdigi-tahvil-ve-sukuk-ihraclari-tablo
15.10.2025;06:58;TCMB bir hafta vadeli repo ihale faiz oranları değişimi (Tablo);https://www.matriksdata.com/website/matriks-haberler/ekonomi/5984863-tcmb-bir-hafta-vadeli-repo-ihale-faiz-oranlari-degisimi-tablo
15.10.2025;06:58;TCMB Para Politikası Kurulu toplantıları ve raporlar  takvimi - 2025;https://www.matriksdata.com/website/matriks-haberler/tahvil-bono/5984862-tcmb-para-politikasi-kurulu-toplantilari-ve-raporlar-takvimi-2025
15.10.2025;06:58;Merkezi yönetim dış borç ödeme projeksiyonları (2025-2029);https://www.matriksdata.com/website/matriks-haberler/tahvil-bono/5984861-merkezi-yonetim-dis-borc-odeme-projeksiyonlari-2025-2029
15.10.2025;06:58;Merkezi yönetim dış borç ödeme projeksiyonları (12 aylık/Tablo);https://www.matriksdata.com/website/matriks-haberler/tahvil-bono/5984860-merkezi-yonetim-dis-borc-odeme-projeksiyonlari-12-aylik-tablo
15.10.2025;06:58;Merkezi yönetim iç borç ödeme projeksiyonları (12 Aylık/Tablo);https://www.matriksdata.com/website/matriks-haberler/tahvil-bono/5984859-merkezi-yonetim-ic-borc-odeme-projeksiyonlari-12-aylik-tablo
15.10.2025;06:58;İç borç ihraç takvimi (Tablo);https://www.matriksdata.com/website/matriks-haberler/tahvil-bono/5984858-ic-borc-ihrac-takvimi-tablo
15.10.2025;06:58;Hazine finansman programı (Tablo);https://www.matriksdata.com/website/matriks-haberler/tahvil-bono/5984857-hazine-finansman-programi-tablo
15.10.2025;06:58;Hazine iç borç ödemeleri (Tablo);https://www.matriksdata.com/website/matriks-haberler/tahvil-bono/5984856-hazine-ic-borc-odemeleri-tablo
15.10.2025;06:58;Fuar takvimi;https://www.matriksdata.com/website/matriks-haberler/ekonomi/5984855-fuar-takvimi
15.10.2025;06:58;Vergi Takvimi;https://www.matriksdata.com/website/matriks-haberler/genel/5984854-vergi-takvimi
15.10.2025;06:58;Borsa İstanbul Borçlanma Araçları Piyasası, Para Piyasası ve Swap Piyasası tatil günleri (Tablo);https://www.matriksdata.com/website/matriks-haberler/ekonomi/5984853-borsa-istanbul-borclanma-araclari-piyasasi-para-piyasasi-ve-swap-piyasasi-tatil-gunleri-tablo
15.10.2025;06:58;Borsa İstanbul Kıymetli Madenler ve Kıymetli Taşlar Piyasası tatil günleri (Tablo);https://www.matriksdata.com/website/matriks-haberler/ekonomi/5984852-borsa-istanbul-kiymetli-madenler-ve-kiymetli-taslar-piyasasi-tatil-gunleri-tablo
15.10.2025;06:58;Borsa İstanbul Vadeli İşlem ve Opsiyon Piyasası tatil günleri (Tablo);https://www.matriksdata.com/website/matriks-haberler/ekonomi/5984851-borsa-istanbul-vadeli-islem-ve-opsiyon-piyasasi-tatil-gunleri-tablo
15.10.2025;06:58;Borsa İstanbul Pay Piyasası tatil günleri (Tablo);https://www.matriksdata.com/website/matriks-haberler/ekonomi/5984850-borsa-istanbul-pay-piyasasi-tatil-gunleri-tablo
15.10.2025;06:58;Kredi derecelendirme kuruluşlarınınTürkiye için 'not gözden geçirme takvimi' - 2025;https://www.matriksdata.com/website/matriks-haberler/ekonomi/5984849-kredi-derecelendirme-kuruluslarininturkiye-icin-not-gozden-gecirme-takvimi-2025
15.10.2025;06:58;Türkiye ekonomi gündemi-  15 Ekim;https://www.matriksdata.com/website/matriks-haberler/ekonomi/5984848-turkiye-ekonomi-gundemi-15-ekim
15.10.2025;06:58;Türkiye'de açıklanacak veriler (Ekim-Aralık);https://www.matriksdata.com/website/matriks-haberler/ekonomi/5984847-turkiye-de-aciklanacak-veriler-ekim-aralik
15.10.2025;06:58;ABD'de bugün bilanço açıklayacak şirketler;https://www.matriksdata.com/website/matriks-haberler/sirket/5984846-abd-de-bugun-bilanco-aciklayacak-sirketler
15.10.2025;06:58;Dünya merkez bankaları günlüğü;https://www.matriksdata.com/website/matriks-haberler/dis-ekonomi/5984845-dunya-merkez-bankalari-gunlugu
15.10.2025;06:58;Global siyasi/ekonomik takvim;https://www.matriksdata.com/website/matriks-haberler/dis-ekonomi/5984844-global-siyasi-ekonomik-takvim
15.10.2025;06:58;Dünya borsaları tatil takvimi;https://www.matriksdata.com/website/matriks-haberler/dis-ekonomi/5984843-dunya-borsalari-tatil-takvimi
15.10.2025;06:58;Dünya ekonomi gündemi;https://www.matriksdata.com/website/matriks-haberler/dis-ekonomi/5984842-dunya-ekonomi-gundemi
15.10.2025;05:04;Emisyon hacmi 14.10.2025 itibariyle 844.02 milyar TL;https://www.matriksdata.com/website/matriks-haberler/ekonomi/5984809-emisyon-hacmi-14-10-2025-itibariyle-844-02-milyar-tl
