parent_keyword;child_keyword
kokulu mum;dekoratif kokulu mum seti
kokulu mum;vanilya kokulu mum
kokulu mum;kokulu mumlar
kokulu mum;kokulu büyük mum
kokulu mum;dekoratif kokulu mum
kokulu mum;Kahve Kokulu Mum
kokulu mum;kokulu mum küçük
kokulu mum;lavanta kokulu mum
kokulu mum;kokulu mum seti
kokulu mum;amber kokulu mum
mumluk;dekoratif mumluk
mumluk;Dönen Mumluk
mumluk;cam mumluk
mumluk;ahşap mumluk
mumluk;gold mumluk
mumluk;3'Lü Cam Şamdan Mumluk
mumluk;fener mumluk
mumluk;metal mumluk
mumluk;ev mumluk
mumluk;ayaklı mumluk
dekoratif mum;dekoratif mumluk
dekoratif mum;dekoratif kokulu mum seti
dekoratif mum;dekoratif şamdan mumluk
dekoratif mum;dekoratif kokulu mum
dekoratif mum;dekoratif fener mumluk
dekoratif mum;dekoratif tepsili mumluk
dekoratif mum;dekoratif mumlar
dekoratif mum;dekoratif mum seti
dekoratif mum;büyük dekoratif mum
dekoratif mum;dekoratif 5li set mum
şamdan mum;şamdan mumu
şamdan mum;3'Lü Cam Şamdan Mumluk
şamdan mum;şamdanlık mum
şamdan mum;dekoratif şamdan mumluk
şamdan mum;şamdan ve mum
şamdan mum;Beyaz Şamdan Mum
şamdan mum;Şamdan Mum Kalıbı
şamdan mum;altın samdan mumluk
şamdan mum;karaca home samdan mumluk
şamdan mum;gold şamdan mumluk
mum kalıbı;silikon mum kalıbı
mum kalıbı;Şamdan Mum Kalıbı
mum kalıbı;Ayıcık Mum Kalıbı
mum kalıbı;papatya mum kalıbı
mum kalıbı;çiçek mum kalıbı
mum kalıbı;kabak silikon mum kalıbı
mum kalıbı;lale mum kalıbı
mum kalıbı;yılbaşı mum kalıbı
mum kalıbı;çam ağacı mum kalıbı
mum kalıbı;balkabağı mum kalıbı
şamdan mumu;şamdan pasta mumu
şamdan mumu;pilli şamdan mumu
şamdan mumu;kırmızı şamdan mumu
şamdan mumu;ledli şamdan mumu
şamdan mumu;renkli şamdan mumu
şamdan mumu;desenli şamdan mumu
şamdan mumu;siyah şamdan mumu
şamdan mumu;kahverengi şamdan mumu
şamdan mumu;kısa şamdan mumu
şamdan mumu;yeşil şamdan mumu
